Abbeville,SC,39,23958,25457
Acadia,LA,17,55741,59958
Accomack,VA,45,31803,38485
Ada,ID,11,207722,373406
Adair,IA,14,8397,7624
Adair,KY,16,15387,17830
Adair,MO,24,24584,24642
Adair,OK,35,18444,21902
Adams,CO,5,266629,422495
Adams,IA,14,4845,4096
Adams,ID,11,3257,3546
Adams,IL,12,66109,67046
Adams,IN,13,31160,33644
Adams,MS,23,35294,31710
Adams,ND,33,3157,2279
Adams,NE,26,29639,32990
Adams,OH,34,25411,28160
Adams,PA,37,78797,100779
Adams,WA,46,13636,16982
Adams,WI,48,15696,20675
Addison,VT,44,33150,36760
Aiken,SC,39,122046,152307
Aitkin,MN,22,12462,15910
Alachua,FL,8,182723,240082
Alamance,NC,32,108695,145360
Alameda,CA,4,1306166,1464202
Alamosa,CO,5,13602,15313
Albany,NY,31,292956,299307
Albany,WY,49,30879,32227
Albemarle,VA,45,68373,93117
Alcona,MI,21,10169,11538
Alcorn,MS,23,31791,35609
Aleutians East,AK,1,2477,2666
Aleutians West,AK,1,9599,4824
Alexander,IL,12,10579,8458
Alexander,NC,32,27652,36396
Alexandria,VA,45,111491,140024
Alfalfa,OK,35,6384,5593
Alger,MI,21,8974,9612
Allamakee,IA,14,13836,14610
Allegan,MI,21,90982,112761
Allegany,MD,19,74954,72594
Allegany,NY,31,50522,49637
Alleghany,NC,32,9622,10915
Alleghany,VA,45,12806,16387
Allegheny,PA,37,1336740,1219210
Allen,IN,13,301659,349488
Allen,KS,15,14640,13414
Allen,KY,16,14723,18899
Allen,LA,17,21232,25524
Allen,OH,34,109841,105233
Allendale,SC,39,11747,10475
Alpena,MI,21,30674,29707
Alpine,CA,4,1106,1145
Amador,CA,4,30302,38678
Amelia,VA,45,8823,12686
Amherst,VA,45,28694,32223
Amite,MS,23,13262,13345
Anchorage,AK,1,227614,279671
Anderson,KS,15,7778,7908
Anderson,KY,16,14672,21245
Anderson,SC,39,145538,179981
Anderson,TN,41,68406,73471
Anderson,TX,42,47980,56760
Andrew,MO,24,14696,16864
Andrews,TX,42,14270,13140
Androscoggin,ME,18,105412,106815
Angelina,TX,42,70037,82812
Anne Arundel,MD,19,428877,512154
Anoka,MN,22,245255,326252
Anson,NC,32,23498,25202
Antelope,NE,26,7942,6757
Antrim,MI,21,18258,24299
Apache,AZ,2,61939,69980
Appanoose,IA,14,13744,13019
Appling,GA,9,15776,17946
Appomattox,VA,45,12312,14199
Aransas,TX,42,17863,24721
Arapahoe,CO,5,393895,545089
Archer,TX,42,7980,9004
Archuleta,CO,5,5382,12572
Arenac,MI,21,14935,16608
Arkansas,AR,3,21666,19392
Arlington,VA,45,171164,204568
Armstrong,PA,37,73516,69059
Armstrong,TX,42,2018,2071
Aroostook,ME,18,87024,72047
Arthur,NE,26,468,356
Ascension,LA,17,58408,99056
Ashe,NC,32,22206,25531
Ashland,OH,34,47569,54902
Ashland,WI,48,16268,16296
Ashley,AR,3,24283,22326
Ashtabula,OH,34,99992,101141
Asotin,WA,46,17666,21111
Assumption,LA,17,22704,22991
Atascosa,TX,42,30554,43589
Atchison,KS,15,16904,16571
Atchison,MO,24,7401,6108
Athens,OH,34,59511,63275
Atkinson,GA,9,6223,8223
Atlantic,NJ,29,225431,270644
Atoka,OK,35,12773,14512
Attala,MS,23,18495,19600
Audrain,MO,24,23642,25892
Audubon,IA,14,7335,6072
Auglaize,OH,34,44684,46429
Augusta,VA,45,54882,70922
Aurora,SD,40,3130,2854
Austin,TX,42,19891,26610
Autauga,AL,0,34353,49960
Avery,NC,32,14925,17776
Avoyelles,LA,17,39121,42169
Baca,CO,5,4525,3871
Bacon,GA,9,9570,10507
Bailey,TX,42,7031,6357
Baker,FL,8,18594,25745
Baker,GA,9,3617,3781
Baker,OR,36,15433,15924
Baldwin,AL,0,98955,171769
Baldwin,GA,9,39627,46057
Ballard,KY,16,7883,8307
Baltimore city,MD,19,735632,637455
Baltimore,MD,19,694782,788994
Bamberg,SC,39,16883,15452
Bandera,TX,42,10629,20197
Banks,GA,9,10379,16556
Banner,NE,26,860,734
Bannock,ID,11,66258,79925
Baraga,MI,21,7970,8544
Barber,KS,15,5866,4786
Barbour,AL,0,25505,27941
Barbour,WV,47,15675,15532
Barnes,ND,33,12509,10783
Barnstable,MA,20,187335,222175
Barnwell,SC,39,20419,22975
Barren,KY,16,34094,41184
Barron,WI,48,40796,45606
Barrow,GA,9,30106,67139
Barry,MI,21,50139,59188
Barry,MO,24,27672,36197
Bartholomew,IN,13,63855,74750
Barton,KS,15,29270,27768
Barton,MO,24,11336,12719
Bartow,GA,9,56360,92834
Bastrop,TX,42,38260,72248
Bates,MO,24,14987,17034
Bath,KY,16,9718,11592
Bath,VA,45,4790,4635
Baxter,AR,3,31317,41950
Bay,FL,8,127323,163984
Bay,MI,21,111804,107517
Bayfield,WI,48,14025,15039
Baylor,TX,42,4362,3836
Beadle,SD,40,18288,15669
Bear Lake,ID,11,6082,5863
Beaufort,NC,32,42374,45771
Beaufort,SC,39,87222,147316
Beauregard,LA,17,30061,34776
Beaver,OK,35,5982,5380
Beaver,PA,37,186271,173074
Beaver,UT,43,4769,6090
Beaverhead,MT,25,8429,8804
Becker,MN,22,27921,31964
Beckham,OK,35,18770,19700
Bedford,PA,37,48015,49650
Bedford,TN,41,30583,44062
Bedford,VA,45,45671,66750
Bedford,VA,45,6307,6286
Bee,TX,42,25067,32689
Belknap,NH,28,49347,61048
Bell,KY,16,31496,28987
Bell,TX,42,191654,276975
Belmont,OH,34,70857,67908
Beltrami,MN,22,34504,43609
Ben Hill,GA,9,16217,17650
Benewah,ID,11,7944,9243
Bennett,SD,40,3194,3441
Bennington,VT,44,35854,36452
Benson,ND,33,7193,6971
Bent,CO,5,5028,5844
Benton,AR,3,98524,203107
Benton,IA,14,22425,26546
Benton,IN,13,9453,8810
Benton,MN,22,30359,39504
Benton,MO,24,13939,18470
Benton,MS,23,8028,8037
Benton,OR,36,71059,81428
Benton,TN,41,14580,16267
Benton,WA,46,113583,159414
Benzie,MI,21,12251,17510
Bergen,NJ,29,826129,895744
Berkeley,SC,39,129373,163622
Berkeley,WV,47,59839,99734
Berks,PA,37,337812,401955
Berkshire,MA,20,139423,129798
Bernalillo,NM,30,482696,629292
Berrien,GA,9,14153,16722
Berrien,MI,21,161415,159589
Bertie,NC,32,20390,18601
Bethel,AK,1,13717,17199
Bexar,TX,42,1187775,1594493
Bibb,AL,0,16697,21535
Bibb,GA,9,150268,154709
Bienville,LA,17,16212,14907
Big Horn,MT,25,11313,12798
Big Horn,WY,49,10487,11263
Big Stone,MN,22,6268,5385
Billings,ND,33,1090,798
Bingham,ID,11,37603,43466
Black Hawk,IA,14,124155,127446
Blackford,IN,13,14079,13189
Bladen,NC,32,28676,32301
Blaine,ID,11,13791,21560
Blaine,MT,25,6685,6550
Blaine,NE,26,662,448
Blaine,OK,35,11453,12475
Blair,PA,37,130593,125527
Blanco,TX,42,5964,9067
Bland,VA,45,6535,6883
Bleckley,GA,9,10463,12306
Bledsoe,TN,41,9711,13084
Blount,AL,0,39473,56614
Blount,TN,41,86317,119855
Blue Earth,MN,22,54179,59802
Boise,ID,11,3568,7571
Bolivar,MS,23,41874,37635
Bollinger,MO,24,10664,12118
Bon Homme,SD,40,7103,7071
Bond,IL,12,15027,18103
Bonner,ID,11,26767,41050
Bonneville,ID,11,72608,96545
Boone,AR,3,28360,36672
Boone,IA,14,25200,26391
Boone,IL,12,30981,53531
Boone,IN,13,38304,54137
Boone,KY,16,58123,112459
Boone,MO,24,112827,152435
Boone,NE,26,6668,5527
Boone,WV,47,25781,25201
Borden,TX,42,794,585
Bosque,TX,42,15131,17942
Bossier,LA,17,85957,108705
Botetourt,VA,45,25091,32005
Bottineau,ND,33,7952,6409
Boulder,CO,5,226374,290262
Boundary,ID,11,8345,10872
Bourbon,KS,15,14948,14803
Bourbon,KY,16,19247,19756
Bowie,TX,42,81992,91553
Bowman,ND,33,3578,2944
Box Butte,NE,26,13116,11001
Box Elder,UT,43,36568,47846
Boyd,KY,16,51072,48481
Boyd,NE,26,2830,2119
Boyle,KY,16,25605,28664
Bracken,KY,16,7801,8574
Bradford,FL,8,22605,28769
Bradford,PA,37,61078,61471
Bradley,AR,3,11808,11979
Bradley,TN,41,73990,95443
Branch,MI,21,41608,46194
Brantley,GA,9,11120,15440
Braxton,WV,47,13021,14639
Brazoria,TX,42,192644,294233
Brazos,TX,42,122352,170954
Breathitt,KY,16,15675,15651
Breckinridge,KY,16,16309,19086
Bremer,IA,14,22854,23734
Brevard,FL,8,403209,536161
Brewster,TX,42,8628,9239
Briscoe,TX,42,1946,1479
Bristol Bay,AK,1,1388,996
Bristol,MA,20,507221,543024
Bristol,RI,38,48915,50079
Bristol,VA,45,18455,17593
Broadwater,MT,25,3328,4590
Bronx,NY,31,1207053,1373659
Brooke,WV,47,26973,23661
Brookings,SD,40,25287,29241
Brooks,GA,9,15383,16340
Brooks,TX,42,8175,7589
Broome,NY,31,212252,195973
Broomfield,CO,5,0,53691
Broward,FL,8,1263301,1759591
Brown,IL,12,5851,6566
Brown,IN,13,14131,14670
Brown,KS,15,11132,10068
Brown,MN,22,26975,26013
Brown,NE,26,3656,3207
Brown,OH,34,35138,43956
Brown,SD,40,35528,35113
Brown,TX,42,34317,38585
Brown,WI,48,195491,243132
Brule,SD,40,5459,5190
Brunswick,NC,32,51271,99214
Brunswick,VA,45,15986,17811
Bryan,GA,9,15643,30132
Bryan,OK,35,32143,39563
Buchanan,IA,14,20842,20927
Buchanan,MO,24,83214,86485
Buchanan,VA,45,31224,23900
Buckingham,VA,45,12915,15932
Bucks,PA,37,543091,621144
Buena Vista,IA,14,19992,19776
Buena Vista,VA,45,6431,6482
Buffalo,NE,26,37603,44976
Buffalo,SD,40,1779,2111
Buffalo,WI,48,13558,13812
Bullitt,KY,16,47880,73931
Bulloch,GA,9,43412,66176
Bullock,AL,0,11032,10781
Buncombe,NC,32,175204,226771
Bureau,IL,12,35690,35036
Burke,GA,9,20514,22754
Burke,NC,32,76046,88975
Burke,ND,33,2956,1862
Burleigh,ND,33,60307,77316
Burleson,TX,42,13633,16598
Burlington,NJ,29,396180,446817
Burnet,TX,42,22654,43689
Burnett,WI,48,13128,16321
Burt,NE,26,7880,7059
Butler,AL,0,21886,20157
Butler,IA,14,15713,14660
Butler,KS,15,50672,63045
Butler,KY,16,11257,13256
Butler,MO,24,38863,41326
Butler,NE,26,8580,8377
Butler,OH,34,292903,357888
Butler,PA,37,152642,181934
Butte,CA,4,183652,218779
Butte,ID,11,2912,2771
Butte,SD,40,7923,9475
Butts,GA,9,15421,23759
Cabarrus,NC,32,99590,163262
Cabell,WV,47,96754,94435
Cache,UT,43,70460,108887
Caddo,LA,17,247804,252609
Caddo,OK,35,29421,29296
Calaveras,CA,4,32542,46844
Calcasieu,LA,17,168285,184512
Caldwell,KY,16,13217,12769
Caldwell,LA,17,9790,10307
Caldwell,MO,24,8384,9284
Caldwell,NC,32,70846,79454
Caldwell,TX,42,26277,36705
Caledonia,VT,44,27982,30655
Calhoun,AL,0,116118,113103
Calhoun,AR,3,5821,5535
Calhoun,FL,8,11044,13594
Calhoun,GA,9,5028,6098
Calhoun,IA,14,11501,9987
Calhoun,IL,12,5340,5167
Calhoun,MI,21,136226,136615
Calhoun,MS,23,14930,14591
Calhoun,SC,39,12792,14777
Calhoun,TX,42,19065,20352
Calhoun,WV,47,7881,7201
Callahan,TX,42,11772,13508
Callaway,MO,24,32943,43428
Calloway,KY,16,30806,36189
Calumet,WI,48,34373,44323
Calvert,MD,19,51954,88223
Camas,ID,11,739,1102
Cambria,PA,37,162938,144995
Camden,GA,9,30734,48689
Camden,MO,24,27646,40487
Camden,NC,32,5937,9490
Camden,NJ,29,503524,513769
Cameron,LA,17,9239,7414
Cameron,PA,37,5902,5349
Cameron,TX,42,261728,387210
Camp,TX,42,9915,12557
Campbell,KY,16,84077,86858
Campbell,SD,40,1958,1397
Campbell,TN,41,35178,40771
Campbell,VA,45,47721,52840
Campbell,WY,49,29403,40433
Canadian,OK,35,74662,103559
Candler,GA,9,7790,10550
Cannon,TN,41,10517,13432
Canyon,ID,11,90676,179381
Cape Girardeau,MO,24,61794,72740
Cape May,NJ,29,95368,96422
Carbon,MT,25,8077,9721
Carbon,PA,37,56978,63242
Carbon,UT,43,20146,19634
Carbon,WY,49,16608,15486
Caribou,ID,11,6958,6862
Carlisle,KY,16,5218,5166
Carlton,MN,22,29321,33893
Caroline,MD,19,27125,32910
Caroline,VA,45,19341,27282
Carroll,AR,3,18770,27429
Carroll,GA,9,71875,111954
Carroll,IA,14,21415,20923
Carroll,IL,12,16800,15928
Carroll,IN,13,18823,19987
Carroll,KY,16,9311,10527
Carroll,MD,19,124086,169220
Carroll,MO,24,10737,9859
Carroll,MS,23,9256,10304
Carroll,NH,28,35592,47380
Carroll,OH,34,26541,28516
Carroll,TN,41,27574,28919
Carroll,VA,45,26625,29120
Carson City,NV,27,40714,54939
Carson,TX,42,6553,6358
Carter,KY,16,24389,27424
Carter,MO,24,5524,5929
Carter,MT,25,1489,1268
Carter,OK,35,42899,47582
Carter,TN,41,51668,59198
Carteret,NC,32,52687,63238
Carver,MN,22,48409,88459
Cascade,MT,25,77788,81775
Casey,KY,16,14193,16169
Cass,IA,14,15110,13884
Cass,IL,12,13447,13727
Cass,IN,13,38458,39193
Cass,MI,21,49521,50551
Cass,MN,22,21869,28723
Cass,MO,24,64155,97133
Cass,ND,33,103298,137582
Cass,NE,26,21359,25577
Cass,TX,42,29972,29362
Cassia,ID,11,19601,20960
Castro,TX,42,9007,7210
Caswell,NC,32,20671,23261
Catahoula,LA,17,11020,10452
Catawba,NC,32,118945,155646
Catoosa,GA,9,42693,62241
Catron,NM,30,2580,3431
Cattaraugus,NY,31,84455,80087
Cavalier,ND,33,6041,3911
Cayuga,NY,31,82446,80066
Cecil,MD,19,71866,99695
Cedar,IA,14,17447,17990
Cedar,MO,24,12130,13729
Cedar,NE,26,10130,8530
Centre,PA,37,125231,144658
Cerro Gordo,IA,14,46773,44016
Chaffee,CO,5,12696,16781
Chambers,AL,0,36884,34764
Chambers,TX,42,20144,28771
Champaign,IL,12,173341,190260
Champaign,OH,34,36110,39522
Chariton,MO,24,9181,7843
Charles City,VA,45,6300,7166
Charles Mix,SD,40,9119,8953
Charles,MD,19,101751,140444
Charleston,SC,39,295631,342973
Charlevoix,MI,21,21593,26181
Charlotte,FL,8,112821,152814
Charlotte,VA,45,11708,12333
Charlottesville,VA,45,40831,41228
Charlton,GA,9,8511,10609
Chase,KS,15,2997,2882
Chase,NE,26,4404,3698
Chatham,GA,9,217531,248469
Chatham,NC,32,39216,61455
Chattahoochee,GA,9,16729,9430
Chattooga,GA,9,22287,26797
Chautauqua,KS,15,4384,3806
Chautauqua,NY,31,142054,133945
Chaves,NM,30,58033,62595
Cheatham,TN,41,27310,39112
Cheboygan,MI,21,21514,26768
Chelan,WA,46,52476,70993
Chemung,NY,31,95292,88015
Chenango,NY,31,51813,51207
Cherokee,AL,0,19643,24560
Cherokee,GA,9,91323,204363
Cherokee,IA,14,14107,11686
Cherokee,KS,15,21316,21337
Cherokee,NC,32,20226,26499
Cherokee,OK,35,34170,45393
Cherokee,SC,39,44657,54015
Cherokee,TX,42,41069,48169
Cherry,NE,26,6283,5718
Chesapeake,VA,45,153335,219154
Cheshire,NH,28,70255,77725
Chester,PA,37,377832,486345
Chester,SC,39,32204,32531
Chester,TN,41,12845,16142
Chesterfield,SC,39,38667,42761
Chesterfield,VA,45,211727,299689
Cheyenne,CO,5,2395,1763
Cheyenne,KS,15,3226,2801
Cheyenne,NE,26,9488,9972
Chickasaw,IA,14,13288,12215
Chickasaw,MS,23,18157,18974
Chicot,AR,3,15630,12305
Childress,TX,42,5958,7556
Chilton,AL,0,32550,42299
Chippewa,MI,21,34788,38922
Chippewa,MN,22,13209,12465
Chippewa,WI,48,52394,60402
Chisago,MN,22,30685,50128
Chittenden,VT,44,132143,151826
Choctaw,AL,0,15994,14173
Choctaw,MS,23,9096,9052
Choctaw,OK,35,15317,15011
Chouteau,MT,25,5468,5254
Chowan,NC,32,13540,14635
Christian,IL,12,34447,34543
Christian,KY,16,68823,80868
Christian,MO,24,33029,73066
Churchill,NV,27,18039,24891
Cibola,NM,30,23690,27261
Cimarron,OK,35,3294,2664
Citrus,FL,8,94645,140169
Clackamas,OR,36,280862,376251
Claiborne,LA,17,17354,16283
Claiborne,MS,23,11384,10999
Claiborne,TN,41,26182,31270
Clallam,WA,46,56525,70474
Clare,MI,21,25075,30697
Clarendon,SC,39,28511,32822
Clarion,PA,37,41703,40028
Clark,AR,3,21440,23585
Clark,ID,11,760,906
Clark,IL,12,15930,16884
Clark,IN,13,87723,105035
Clark,KS,15,2420,2094
Clark,KY,16,29570,35550
Clark,MO,24,7523,7220
Clark,NV,27,756170,1836333
Clark,OH,34,147596,140477
Clark,SD,40,4388,3472
Clark,WA,46,240883,418070
Clark,WI,48,31647,33490
Clarke,AL,0,27289,26496
Clarke,GA,9,88058,114063
Clarke,IA,14,8301,8995
Clarke,MS,23,17293,17414
Clarke,VA,45,12079,14361
Clatsop,OR,36,33436,37364
Clay,AL,0,13284,13788
Clay,AR,3,18096,16134
Clay,FL,8,106752,182023
Clay,GA,9,3342,3207
Clay,IA,14,17654,16689
Clay,IL,12,14472,13893
Clay,IN,13,24734,26648
Clay,KS,15,9126,8685
Clay,KY,16,21725,23730
Clay,MN,22,50454,54835
Clay,MO,24,154200,211952
Clay,MS,23,21151,20969
Clay,NC,32,7167,10238
Clay,NE,26,7117,6330
Clay,SD,40,13193,13364
Clay,TN,41,7244,7870
Clay,TX,42,10000,11119
Clay,WV,47,9947,10120
Clayton,GA,9,182769,272217
Clayton,IA,14,19064,17685
Clear Creek,CO,5,7632,8956
Clearfield,PA,37,78154,81452
Clearwater,ID,11,8485,8231
Clearwater,MN,22,8324,8245
Cleburne,AL,0,12724,14700
Cleburne,AR,3,19520,25407
Clermont,OH,34,150920,193490
Cleveland,AR,3,7764,8769
Cleveland,NC,32,85221,98453
Cleveland,OK,35,174716,236452
Clifton Forge,VA,45,4644,0
Clinch,GA,9,6160,6992
Clinton,IA,14,51091,49051
Clinton,IL,12,33962,36450
Clinton,IN,13,31060,33795
Clinton,KY,16,9162,9536
Clinton,MI,21,58136,69755
Clinton,MO,24,16650,20894
Clinton,NY,31,86160,82215
Clinton,OH,34,35581,43071
Clinton,PA,37,37268,37213
Cloud,KS,15,10994,9382
Coahoma,MS,23,31565,27543
Coal,OK,35,5740,5709
Cobb,GA,9,450936,691905
Cochise,AZ,2,97918,127866
Cochran,TX,42,4369,3088
Cocke,TN,41,29205,35337
Coconino,AZ,2,97106,127450
Codington,SD,40,22793,26356
Coffee,AL,0,40293,46793
Coffee,GA,9,29760,40085
Coffee,TN,41,40507,51741
Coffey,KS,15,8408,8454
Coke,TX,42,3415,3561
Colbert,AL,0,51876,54588
Cole,MO,24,63793,73698
Coleman,TX,42,9675,8550
Coles,IL,12,51671,51011
Colfax,NE,26,9161,9974
Colfax,NM,30,12921,13216
Colleton,SC,39,34518,38903
Collier,FL,8,154568,315839
Collin,TX,42,266856,730690
Collingsworth,TX,42,3553,2972
Colonial Heights,VA,45,16069,17796
Colorado,TX,42,18400,20666
Colquitt,GA,9,36735,44814
Columbia,AR,3,25691,24351
Columbia,FL,8,42861,67985
Columbia,GA,9,66819,109100
Columbia,NY,31,63048,62363
Columbia,OR,36,37809,48996
Columbia,PA,37,63315,64726
Columbia,WA,46,4020,3986
Columbia,WI,48,45173,55280
Columbiana,OH,34,108500,108698
Columbus,NC,32,49559,54046
Colusa,CA,4,16335,21302
Comal,TX,42,51935,105187
Comanche,KS,15,2297,1888
Comanche,OK,35,111473,113811
Comanche,TX,42,13375,13541
Concho,TX,42,3084,3599
Concordia,LA,17,20787,19058
Conecuh,AL,0,14042,13160
Conejos,CO,5,7479,8074
Contra Costa,CA,4,809317,1019640
Converse,WY,49,11069,12868
Conway,AR,3,19171,20740
Cook,GA,9,13467,16432
Cook,IL,12,5109524,5285107
Cook,MN,22,3876,5398
Cooke,TX,42,31014,38486
Cooper,MO,24,14833,17543
Coos,NH,28,34893,32772
Coos,OR,36,60441,63505
Coosa,AL,0,11071,10864
Copiah,MS,23,27631,29317
Corson,SD,40,4169,4205
Cortland,NY,31,49127,48369
Coryell,TX,42,64341,72156
Coshocton,OH,34,35451,36341
Costilla,CO,5,3183,3309
Cottle,TX,42,2221,1610
Cotton,OK,35,6639,6299
Cottonwood,MN,22,12652,11349
Covington,AL,0,36519,37007
Covington,MS,23,16570,20361
Covington,VA,45,7332,6168
Coweta,GA,9,54487,118936
Cowley,KS,15,36933,34251
Cowlitz,WA,46,82478,100467
Craig,OK,35,14069,15195
Craig,VA,45,4386,5141
Craighead,AR,3,69356,91552
Crane,TX,42,4624,3862
Craven,NC,32,82131,96746
Crawford,AR,3,42768,59031
Crawford,GA,9,9071,12483
Crawford,IA,14,16737,16579
Crawford,IL,12,19390,19611
Crawford,IN,13,9919,10782
Crawford,KS,15,35578,38860
Crawford,MI,21,12319,14550
Crawford,MO,24,19238,24076
Crawford,OH,34,47819,44227
Crawford,PA,37,86205,88663
Crawford,WI,48,15931,16998
Creek,OK,35,60813,69073
Crenshaw,AL,0,13598,13805
Crisp,GA,9,20022,22125
Crittenden,AR,3,49959,52103
Crittenden,KY,16,9187,9130
Crockett,TN,41,13392,14233
Crockett,TX,42,4067,3789
Crook,OR,36,14258,22906
Crook,WY,49,5302,6284
Crosby,TX,42,7328,6310
Cross,AR,3,19232,18685
Crow Wing,MN,22,44474,61648
Crowley,CO,5,3946,6643
Culberson,TX,42,3406,2484
Cullman,AL,0,67825,80554
Culpeper,VA,45,28096,45723
Cumberland,IL,12,10692,10842
Cumberland,KY,16,6778,6876
Cumberland,ME,18,243865,275374
Cumberland,NC,32,275834,306518
Cumberland,NJ,29,138366,155544
Cumberland,PA,37,195953,228019
Cumberland,TN,41,34997,53040
Cumberland,VA,45,7849,9626
Cuming,NE,26,10109,9365
Currituck,NC,32,13799,23960
Curry,NM,30,42324,45328
Curry,OR,36,19449,21767
Custer,CO,5,1942,4025
Custer,ID,11,4164,4166
Custer,MT,25,11684,11188
Custer,NE,26,12277,10849
Custer,OK,35,26814,26111
Custer,SD,40,6166,7818
Cuyahoga,OH,34,1412363,1295958
Dade,GA,9,13182,16098
Dade,MO,24,7436,7523
Daggett,UT,43,699,927
Dakota,MN,22,277866,390478
Dakota,NE,26,16829,20312
Dale,AL,0,49600,48150
Dallam,TX,42,5446,6125
Dallas,AL,0,48015,43079
Dallas,AR,3,9605,8249
Dallas,IA,14,29904,57288
Dallas,MO,24,12728,16831
Dallas,TX,42,1863546,2366511
Dane,WI,48,368444,476785
Daniels,MT,25,2246,1650
Danville,VA,45,53167,44947
Dare,NC,32,22929,33776
Darke,OH,34,53618,52205
Darlington,SC,39,62016,66833
Dauphin,PA,37,238580,255710
Davidson,NC,32,127175,156530
Davidson,TN,41,512139,619626
Davie,NC,32,28032,40516
Daviess,IN,13,27586,30035
Daviess,KY,16,87264,93756
Daviess,MO,24,7860,7963
Davis,IA,14,8321,8572
Davis,UT,43,188841,288146
Davison,SD,40,17529,19020
Dawes,NE,26,8972,8818
Dawson,GA,9,9531,21484
Dawson,MT,25,9410,8558
Dawson,NE,26,20032,24744
Dawson,TX,42,14314,13870
Day,SD,40,6967,5667
De Baca,NM,30,2246,1916
De Soto,LA,17,25594,26269
De Witt,IL,12,16554,16437
Deaf Smith,TX,42,19164,18452
Dearborn,IN,13,38979,49759
Decatur,GA,9,25573,28544
Decatur,IA,14,8303,8409
Decatur,IN,13,23635,24959
Decatur,KS,15,4011,2955
Decatur,TN,41,10484,11339
Deer Lodge,MT,25,10335,8852
Defiance,OH,34,39385,38543
DeKalb,AL,0,54875,68016
DeKalb,GA,9,549655,737093
DeKalb,IL,12,78347,103729
DeKalb,IN,13,35463,41796
DeKalb,MO,24,9975,12234
DeKalb,TN,41,14436,18436
Del Norte,CA,4,23986,29022
Delaware,IA,14,18046,17459
Delaware,IN,13,119774,115419
Delaware,NY,31,47464,46286
Delaware,OH,34,67482,160865
Delaware,OK,35,28134,40406
Delaware,PA,37,548033,554399
Delta,CO,5,21053,30334
Delta,MI,21,37849,37367
Delta,TX,42,4811,5375
Denali,AK,1,0,1838
Dent,MO,24,13739,15063
Denton,TX,42,276436,612357
Denver,CO,5,468139,588349
Des Moines,IA,14,42668,40701
Deschutes,OR,36,76053,154028
Desha,AR,3,16794,13799
DeSoto,FL,8,24094,34675
DeSoto,MS,23,68620,149393
Deuel,NE,26,2244,1893
Deuel,SD,40,4522,4259
Dewey,OK,35,5537,4338
Dewey,SD,40,5534,6005
DeWitt,TX,42,18804,19730
Dickens,TX,42,2552,2511
Dickenson,VA,45,17552,16168
Dickey,ND,33,6045,5356
Dickinson,IA,14,14935,16696
Dickinson,KS,15,18928,18957
Dickinson,MI,21,26922,26937
Dickson,TN,41,35255,47366
Dillingham,AK,1,4029,4996
Dillon,SC,39,29118,30694
Dimmit,TX,42,10386,9845
Dinwiddie,VA,45,22320,25747
District of Columbia,,50,605321,588292
Divide,ND,33,2878,2004
Dixie,FL,8,10674,14942
Dixon,NE,26,6148,6243
Doddridge,WV,47,7000,7262
Dodge,GA,9,17674,20042
Dodge,MN,22,15813,19552
Dodge,NE,26,34499,36004
Dodge,WI,48,76730,87786
Dolores,CO,5,1505,1914
Dona Ana,NM,30,136593,198791
Doniphan,KS,15,8123,7756
Donley,TX,42,3671,3911
Dooly,GA,9,9939,11592
Door,WI,48,25703,27811
Dorchester,MD,19,30282,31846
Dorchester,SC,39,83847,123505
Dougherty,GA,9,96325,95693
Douglas,CO,5,61670,272117
Douglas,GA,9,71611,124495
Douglas,IL,12,19460,19598
Douglas,KS,15,82229,113488
Douglas,MN,22,28727,36075
Douglas,MO,24,11916,13377
Douglas,NE,26,417941,497416
Douglas,NV,27,28010,45406
Douglas,OR,36,95050,104119
Douglas,SD,40,3735,3018
Douglas,WA,46,26389,36177
Douglas,WI,48,41804,43721
Drew,AR,3,17378,18745
Dubois,IN,13,36662,41225
Dubuque,IA,14,86462,92359
Duchesne,UT,43,12608,16216
Dukes,MA,20,11687,15485
Dundy,NE,26,2583,2031
Dunklin,MO,24,33150,31623
Dunn,ND,33,3980,3308
Dunn,WI,48,35998,42329
DuPage,IL,12,785768,929192
Duplin,NC,32,40116,52979
Durham,NC,32,183145,256500
Dutchess,NY,31,260238,292746
Duval,FL,8,677746,849159
Duval,TX,42,12850,12187
Dyer,TN,41,34945,37684
Eagle,CO,5,22297,51359
Early,GA,9,11859,11836
East Baton Rouge,LA,17,381197,430317
East Carroll,LA,17,9663,8302
East Feliciana,LA,17,19186,20833
Eastland,TX,42,18428,18337
Eaton,MI,21,93183,107390
Eau Claire,WI,48,85377,97406
Echols,GA,9,2372,4093
Ector,TX,42,118652,129570
Eddy,ND,33,2929,2430
Eddy,NM,30,48717,51002
Edgar,IL,12,19554,18919
Edgecombe,NC,32,56608,52647
Edgefield,SC,39,18519,25435
Edmonson,KY,16,10348,11978
Edmunds,SD,40,4345,4008
Edwards,IL,12,7422,6572
Edwards,KS,15,3785,3106
Edwards,TX,42,2260,1938
Effingham,GA,9,25986,50728
Effingham,IL,12,31759,34225
El Dorado,CA,4,127952,175689
El Paso,CO,5,397491,587272
El Paso,TX,42,595350,734669
Elbert,CO,5,9752,22720
Elbert,GA,9,18981,20525
Elk,KS,15,3324,3040
Elk,PA,37,34855,32610
Elkhart,IN,13,156517,197942
Elko,NV,27,34142,47010
Elliott,KY,16,6449,7139
Ellis,KS,15,25983,27464
Ellis,OK,35,4469,3911
Ellis,TX,42,85407,143468
Ellsworth,KS,15,6584,6310
Elmore,AL,0,49484,77525
Elmore,ID,11,21301,28856
Emanuel,GA,9,20600,22469
Emery,UT,43,10310,10399
Emmet,IA,14,11592,10414
Emmet,MI,21,25199,33393
Emmons,ND,33,4809,3470
Emporia,VA,45,5555,5619
Erath,TX,42,28090,35633
Erie,NY,31,969780,913338
Erie,OH,34,76914,77323
Erie,PA,37,275911,279092
Escambia,AL,0,35526,37600
Escambia,FL,8,263272,306407
Esmeralda,NV,27,1343,695
Essex,MA,20,671009,733101
Essex,NJ,29,778564,776087
Essex,NY,31,37286,38119
Essex,VA,45,8720,10862
Essex,VT,44,6411,6495
Estill,KY,16,14674,14975
Etowah,AL,0,99809,103217
Eureka,NV,27,1539,1559
Evangeline,LA,17,33287,35905
Evans,GA,9,8735,11505
Fairbanks North Star,AK,1,78067,97484
Fairfax,VA,45,821761,1010241
Fairfax,VA,45,19964,23349
Fairfield,CT,6,828860,895015
Fairfield,OH,34,103823,141318
Fairfield,SC,39,22331,23333
Fall River,SD,40,7320,7210
Fallon,MT,25,3070,2696
Falls Church,VA,45,9386,10948
Falls,TX,42,17741,17149
Fannin,GA,9,16061,22580
Fannin,TX,42,24833,33067
Faribault,MN,22,16884,14869
Faulk,SD,40,2741,2276
Faulkner,AR,3,60503,104865
Fauquier,VA,45,48908,66328
Fayette,AL,0,18006,17648
Fayette,GA,9,63212,106144
Fayette,IA,14,21889,20433
Fayette,IL,12,20894,21466
Fayette,IN,13,26003,24273
Fayette,KY,16,226641,279044
Fayette,OH,34,27501,28308
Fayette,PA,37,145476,144556
Fayette,TN,41,25549,37193
Fayette,TX,42,20028,22537
Fayette,WV,47,47867,46334
Fentress,TN,41,14637,17420
Fergus,MT,25,12080,11181
Ferry,WA,46,6329,7373
Fillmore,MN,22,20775,21037
Fillmore,NE,26,7088,6051
Finney,KS,15,33200,38295
Fisher,TX,42,4820,3957
Flagler,FL,8,29474,88397
Flathead,MT,25,59545,86844
Fleming,KY,16,12285,14695
Florence,SC,39,114690,131886
Florence,WI,48,4627,4768
Floyd,GA,9,81483,95618
Floyd,IA,14,17056,16306
Floyd,IN,13,64785,73064
Floyd,KY,16,43529,42021
Floyd,TX,42,8460,6655
Floyd,VA,45,11982,14641
Fluvanna,VA,45,12553,25329
Foard,TX,42,1781,1420
Fond du Lac,WI,48,90296,99124
Ford,IL,12,14226,14170
Ford,KS,15,27505,33340
Forest,PA,37,4813,6955
Forest,WI,48,8784,9807
Forrest,MS,23,68274,78241
Forsyth,GA,9,44737,158914
Forsyth,NC,32,266855,338774
Fort Bend,TX,42,228191,509822
Foster,ND,33,3963,3490
Fountain,IN,13,17798,17143
Franklin,AL,0,27802,30439
Franklin,AR,3,14939,18157
Franklin,FL,8,8978,10030
Franklin,GA,9,16705,21793
Franklin,IA,14,11351,10568
Franklin,ID,11,9259,12203
Franklin,IL,12,40242,39491
Franklin,IN,13,19605,23234
Franklin,KS,15,22046,26479
Franklin,KY,16,44225,48425
Franklin,LA,17,22346,20060
Franklin,MA,20,70291,71602
Franklin,ME,18,29135,29927
Franklin,MO,24,81015,100045
Franklin,MS,23,8348,8312
Franklin,NC,32,36571,57222
Franklin,NE,26,3932,3158
Franklin,NY,31,46668,50449
Franklin,OH,34,965600,1118107
Franklin,PA,37,121503,141665
Franklin,TN,41,35027,41207
Franklin,TX,42,7841,11094
Franklin,VA,45,39773,51133
Franklin,VA,45,8444,8906
Franklin,VT,44,40253,47934
Franklin,WA,46,37748,69578
Frederick,MD,19,151345,224705
Frederick,VA,45,46211,72880
Fredericksburg,VA,45,19428,22410
Freeborn,MN,22,33081,31257
Freestone,TX,42,15800,18797
Fremont,CO,5,32254,47389
Fremont,IA,14,8236,7571
Fremont,ID,11,10939,12517
Fremont,WY,49,33565,37479
Fresno,CA,4,672302,899348
Frio,TX,42,13557,16133
Frontier,NE,26,3094,2663
Fulton,AR,3,10093,11752
Fulton,GA,9,650697,992137
Fulton,IL,12,38077,36843
Fulton,IN,13,18871,20308
Fulton,KY,16,8259,6795
Fulton,NY,31,54336,55114
Fulton,OH,34,38601,42562
Fulton,PA,37,13862,14939
Furnas,NE,26,5530,4732
Gadsden,FL,8,41267,47197
Gage,NE,26,22813,23219
Gaines,TX,42,14098,14925
Galax,VA,45,6741,6824
Gallatin,IL,12,6902,6025
Gallatin,KY,16,5437,8035
Gallatin,MT,25,50811,87359
Gallia,OH,34,30949,30841
Galveston,TX,42,218363,283987
Garden,NE,26,2452,1834
Garfield,CO,5,30379,53631
Garfield,MT,25,1584,1215
Garfield,NE,26,2148,1722
Garfield,OK,35,56686,57657
Garfield,UT,43,3967,4529
Garfield,WA,46,2248,2050
Garland,AR,3,73563,96371
Garrard,KY,16,11611,17041
Garrett,MD,19,28236,29627
Garvin,OK,35,26578,27141
Garza,TX,42,5139,4700
Gasconade,MO,24,14059,15399
Gaston,NC,32,175132,202535
Gates,NC,32,9337,11737
Geary,KS,15,30558,25150
Geauga,OH,34,81362,95029
Gem,ID,11,11937,16496
Genesee,MI,21,430938,434715
Genesee,NY,31,60167,58122
Geneva,AL,0,23734,25707
Gentry,MO,24,6844,6249
George,MS,23,16697,21937
Georgetown,SC,39,46654,60499
Gibson,IN,13,31878,32754
Gibson,TN,41,46402,48553
Gila,AZ,2,40423,51994
Gilchrist,FL,8,9751,17017
Giles,TN,41,25803,29024
Giles,VA,45,16352,17228
Gillespie,TX,42,17226,23507
Gilliam,OR,36,1719,1690
Gilmer,GA,9,13492,28389
Gilmer,WV,47,7622,6907
Gilpin,CO,5,3078,5091
Glacier,MT,25,12158,13382
Glades,FL,8,7639,11109
Gladwin,MI,21,22002,26287
Glascock,GA,9,2356,2771
Glasscock,TX,42,1443,1174
Glenn,CA,4,24919,28111
Gloucester,NJ,29,231134,285753
Gloucester,VA,45,30224,38336
Glynn,GA,9,62691,74932
Gogebic,MI,21,18014,16287
Golden Valley,MT,25,911,1125
Golden Valley,ND,33,2103,1670
Goliad,TX,42,5956,7154
Gonzales,TX,42,17133,19210
Goochland,VA,45,14197,20615
Goodhue,MN,22,40835,45839
Gooding,ID,11,11667,14250
Gordon,GA,9,35233,52044
Goshen,WY,49,12346,11995
Gosper,NE,26,1928,1971
Gove,KS,15,3239,2637
Grady,GA,9,20376,25042
Grady,OK,35,41660,50615
Grafton,NH,28,75064,85514
Graham,AZ,2,26611,34769
Graham,KS,15,3518,2607
Graham,NC,32,7191,7858
Grainger,TN,41,17151,22546
Grand Forks,ND,33,70604,66983
Grand Isle,VT,44,5361,7601
Grand Traverse,MI,21,64533,85479
Grand,CO,5,8041,13612
Grand,UT,43,6620,9023
Granite,MT,25,2528,2852
Grant,AR,3,13976,17460
Grant,IN,13,74215,68847
Grant,KS,15,7177,7497
Grant,KY,16,15931,25161
Grant,LA,17,17488,19758
Grant,MN,22,6247,6021
Grant,ND,33,3528,2467
Grant,NE,26,759,613
Grant,NM,30,27718,29699
Grant,OK,35,5677,4497
Grant,OR,36,7870,6904
Grant,SD,40,8359,7159
Grant,WA,46,55085,83047
Grant,WI,48,49335,48792
Grant,WV,47,10450,11925
Granville,NC,32,38465,55045
Gratiot,MI,21,39059,42141
Graves,KY,16,33677,37557
Gray,KS,15,5398,5641
Gray,TX,42,23781,22047
Grays Harbor,WA,46,64397,71335
Grayson,KY,16,21111,25356
Grayson,TX,42,95120,118675
Grayson,VA,45,16323,16072
Greeley,KS,15,1763,1297
Greeley,NE,26,3000,2326
Green Lake,WI,48,18647,18735
Green,KY,16,10386,11572
Green,WI,48,30388,35727
Greenbrier,WV,47,34683,34586
Greene,AL,0,10171,9201
Greene,AR,3,31891,40397
Greene,GA,9,11849,15662
Greene,IA,14,10028,9505
Greene,IL,12,15314,13890
Greene,IN,13,30487,32692
Greene,MO,24,208852,263980
Greene,MS,23,10268,13137
Greene,NC,32,15440,20405
Greene,NY,31,44847,49246
Greene,OH,34,137148,154656
Greene,PA,37,39539,39503
Greene,TN,41,55990,65971
Greene,VA,45,10400,17860
Greenlee,AZ,2,8029,7754
Greensville,VA,45,8556,11912
Greenup,KY,16,36804,37270
Greenville,SC,39,321857,428243
Greenwood,KS,15,7832,6993
Greenwood,SC,39,59647,68259
Greer,OK,35,6525,5810
Gregg,TX,42,105069,117119
Gregory,SD,40,5330,4110
Grenada,MS,23,21608,23076
Griggs,ND,33,3288,2397
Grimes,TX,42,18859,25603
Grundy,IA,14,12017,12149
Grundy,IL,12,32494,47144
Grundy,MO,24,10504,10095
Grundy,TN,41,13399,14275
Guadalupe,NM,30,4146,4447
Guadalupe,TX,42,65088,112777
Guernsey,OH,34,38982,40409
Guilford,NC,32,349135,465931
Gulf,FL,8,11486,14059
Gunnison,CO,5,10340,14973
Guthrie,IA,14,10941,11053
Gwinnett,GA,9,356979,776380
Haakon,SD,40,2601,1845
Habersham,GA,9,27799,42272
Haines,AK,1,2117,2285
Hale,AL,0,15533,18111
Hale,TX,42,34661,35731
Halifax,NC,32,55671,55060
Halifax,VA,45,36069,35530
Hall,GA,9,96215,180175
Hall,NE,26,49118,55642
Hall,TX,42,3891,3482
Hamblen,TN,41,50696,61829
Hamilton,FL,8,10973,14301
Hamilton,IA,14,16049,15596
Hamilton,IL,12,8487,8245
Hamilton,IN,13,110348,261661
Hamilton,KS,15,2389,2632
Hamilton,NE,26,8853,9298
Hamilton,NY,31,5292,5075
Hamilton,OH,34,866732,842369
Hamilton,TN,41,285919,330168
Hamilton,TX,42,7731,8138
Hamlin,SD,40,4969,5621
Hampden,MA,20,456940,457908
Hampshire,MA,20,146825,153147
Hampshire,WV,47,16606,22577
Hampton,SC,39,18261,21210
Hampton,VA,45,134245,146439
Hancock,GA,9,8930,9568
Hancock,IA,14,12610,11379
Hancock,IL,12,21346,18839
Hancock,IN,13,45686,66305
Hancock,KY,16,7851,8617
Hancock,ME,18,47148,53278
Hancock,MS,23,31905,39687
Hancock,OH,34,65593,74204
Hancock,TN,41,6742,6733
Hancock,WV,47,35180,30189
Hand,SD,40,4235,3273
Hanover,VA,45,63808,98946
Hansford,TX,42,5817,5235
Hanson,SD,40,2980,3621
Haralson,GA,9,22002,28718
Hardee,FL,8,19668,28830
Hardeman,TN,41,23455,27834
Hardeman,TX,42,5242,4124
Hardin,IA,14,19099,17551
Hardin,IL,12,5185,4468
Hardin,KY,16,89502,97949
Hardin,OH,34,31123,31650
Hardin,TN,41,22698,26061
Hardin,TX,42,41357,51597
Harding,NM,30,985,716
Harding,SD,40,1667,1180
Hardy,WV,47,11029,13661
Harford,MD,19,183717,239993
Harlan,KY,16,36514,31065
Harlan,NE,26,3806,3392
Harmon,OK,35,3774,2837
Harnett,NC,32,68030,108721
Harney,OR,36,7068,6767
Harper,KS,15,7105,5819
Harper,OK,35,4050,3254
Harris,GA,9,17837,29073
Harris,TX,42,2835927,3935855
Harrison,IA,14,14734,15409
Harrison,IN,13,29902,36810
Harrison,KY,16,16268,18552
Harrison,MO,24,8459,8861
Harrison,MS,23,165488,176105
Harrison,OH,34,16037,15506
Harrison,TX,42,57487,63504
Harrison,WV,47,69216,68309
Harrisonburg,VA,45,30946,44039
Hart,GA,9,19825,24240
Hart,KY,16,14919,18409
Hartford,CT,6,852567,876824
Hartley,TX,42,3629,5179
Harvey,KS,15,31034,33493
Haskell,KS,15,3880,4032
Haskell,OK,35,10960,12059
Haskell,TX,42,6767,5249
Hawaii,HI,10,121572,173057
Hawkins,TN,41,44680,57054
Hayes,NE,26,1220,980
Hays,TX,42,65767,141480
Haywood,NC,32,47003,56430
Haywood,TN,41,19424,19126
Heard,GA,9,8688,11387
Hemphill,TX,42,3697,3360
Hempstead,AR,3,21680,23226
Henderson,IL,12,8058,7587
Henderson,KY,16,43112,45296
Henderson,NC,32,70268,100810
Henderson,TN,41,21903,26749
Henderson,TX,42,58661,78897
Hendricks,IN,13,76107,134558
Hendry,FL,8,25943,39611
Hennepin,MN,22,1035132,1136599
Henrico,VA,45,218556,289822
Henry,AL,0,15426,16621
Henry,GA,9,59885,186037
Henry,IA,14,19296,20123
Henry,IL,12,51063,49654
Henry,IN,13,48162,47181
Henry,KY,16,12851,15711
Henry,MO,24,20080,22398
Henry,OH,34,29118,28931
Henry,TN,41,27945,31630
Henry,VA,45,56874,55544
Herkimer,NY,31,65883,62558
Hernando,FL,8,102726,169070
Hertford,NC,32,22355,23206
Hettinger,ND,33,3422,2427
Hickman,KY,16,5574,4938
Hickman,TN,41,16867,23768
Hickory,MO,24,7341,9123
Hidalgo,NM,30,5946,4945
Hidalgo,TX,42,387200,710514
Highland,OH,34,35829,42653
Highland,VA,45,2635,2446
Highlands,FL,8,69238,99349
Hill,MT,25,17667,16568
Hill,TX,42,27219,35352
Hillsborough,FL,8,837028,1174727
Hillsborough,NH,28,336768,402302
Hillsdale,MI,21,43492,46781
Hinds,MS,23,254510,249157
Hinsdale,CO,5,468,838
Hitchcock,NE,26,3744,2844
Hocking,OH,34,25594,28959
Hockley,TX,42,24167,22226
Hodgeman,KS,15,2169,1971
Hoke,NC,32,22950,42422
Holmes,FL,8,15812,19245
Holmes,MS,23,21568,20461
Holmes,OH,34,32931,41369
Holt,MO,24,6034,4963
Holt,NE,26,12577,10312
Honolulu,HI,10,838534,905601
Hood River,OR,36,16960,21296
Hood,TX,42,28942,49170
Hooker,NE,26,799,736
Hopewell,VA,45,23138,23028
Hopkins,KY,16,46110,46286
Hopkins,TX,42,28831,33769
Horry,SC,39,145177,249925
Hot Spring,AR,3,26122,31850
Hot Springs,WY,49,4786,4553
Houghton,MI,21,35528,35201
Houston,AL,0,81666,97171
Houston,GA,9,89695,131016
Houston,MN,22,18545,19515
Houston,TN,41,7007,8075
Houston,TX,42,21347,22769
Howard,AR,3,13594,13997
Howard,IA,14,9811,9545
Howard,IN,13,80976,83776
Howard,MD,19,189367,273669
Howard,MO,24,9647,9879
Howard,NE,26,6043,6612
Howard,TX,42,32287,32295
Howell,MO,24,31624,38639
Hubbard,MN,22,14969,18781
Hudson,NJ,29,554289,598160
Hudspeth,TX,42,2905,3294
Huerfano,CO,5,5997,7837
Hughes,OK,35,12976,13680
Hughes,SD,40,14837,16880
Humboldt,CA,4,119746,128864
Humboldt,IA,14,10755,9615
Humboldt,NV,27,12933,17523
Humphreys,MS,23,12090,9994
Humphreys,TN,41,15816,18173
Hunt,TX,42,64388,82945
Hunterdon,NJ,29,108128,129348
Huntingdon,PA,37,44220,45556
Huntington,IN,13,35503,37743
Huron,MI,21,34990,33290
Huron,OH,34,56377,59801
Hutchinson,SD,40,8248,7340
Hutchinson,TX,42,25577,21845
Hyde,NC,32,5406,5172
Hyde,SD,40,1690,1465
Iberia,LA,17,68254,74965
Iberville,LA,17,31044,32501
Ida,IA,14,8341,6940
Idaho,ID,11,13830,15345
Imperial,CA,4,110839,161867
Independence,AR,3,31176,34566
Indian River,FL,8,91115,131837
Indiana,PA,37,89990,87690
Ingham,MI,21,282095,279295
Inyo,CA,4,18272,17449
Ionia,MI,21,56972,64053
Iosco,MI,21,30338,26255
Iowa,IA,14,14618,15912
Iowa,WI,48,20180,23561
Iredell,NC,32,93711,151445
Irion,TX,42,1624,1743
Iron,MI,21,13197,12151
Iron,MO,24,10748,10013
Iron,UT,43,20927,43526
Iron,WI,48,6171,6307
Iroquois,IL,12,30783,30294
Irwin,GA,9,8643,9934
Isabella,MI,21,54931,66693
Isanti,MN,22,25995,38921
Island,WA,46,60907,81326
Isle of Wight,VA,45,25178,35035
Issaquena,MS,23,1923,1675
Itasca,MN,22,40920,44542
Itawamba,MS,23,20087,23034
Izard,AR,3,11399,12978
Jack,TX,42,6947,8833
Jackson,AL,0,47948,53030
Jackson,AR,3,19013,17219
Jackson,CO,5,1593,1381
Jackson,FL,8,41465,49287
Jackson,GA,9,30195,59254
Jackson,IA,14,19909,20035
Jackson,IL,12,61055,58841
Jackson,IN,13,37839,42184
Jackson,KS,15,11519,13420
Jackson,KY,16,11997,13586
Jackson,LA,17,15833,15139
Jackson,MI,21,150128,163006
Jackson,MN,22,11671,10883
Jackson,MO,24,633447,666890
Jackson,MS,23,115078,130098
Jackson,NC,32,26926,36751
Jackson,OH,34,30238,33314
Jackson,OK,35,28638,25778
Jackson,OR,36,147392,199295
Jackson,SD,40,2796,2792
Jackson,TN,41,9389,10791
Jackson,TX,42,13015,14093
Jackson,WI,48,16606,19856
Jackson,WV,47,25946,28223
James City,VA,45,35037,61195
Jasper,GA,9,8495,13660
Jasper,IA,14,34829,36748
Jasper,IL,12,10607,9707
Jasper,IN,13,24905,32275
Jasper,MO,24,90622,115240
Jasper,MS,23,17105,18071
Jasper,SC,39,15532,21953
Jasper,TX,42,31077,34553
Jay,IN,13,21538,21514
Jeff Davis,GA,9,12036,13291
Jeff Davis,TX,42,1925,2264
Jefferson Davis,LA,17,30685,31177
Jefferson Davis,MS,23,14016,12813
Jefferson,AL,0,652239,658779
Jefferson,AR,3,85473,78986
Jefferson,CO,5,440014,529354
Jefferson,FL,8,11370,14451
Jefferson,GA,9,17382,16454
Jefferson,IA,14,16313,15618
Jefferson,ID,11,16589,22851
Jefferson,IL,12,37088,40168
Jefferson,IN,13,29830,32704
Jefferson,KS,15,15941,18467
Jefferson,KY,16,666048,709264
Jefferson,LA,17,448568,423520
Jefferson,MO,24,172396,216076
Jefferson,MS,23,8637,8960
Jefferson,MT,25,7992,11121
Jefferson,NE,26,8746,7516
Jefferson,NY,31,111549,117201
Jefferson,OH,34,80117,68730
Jefferson,OK,35,7012,6273
Jefferson,OR,36,13853,20687
Jefferson,PA,37,46095,45135
Jefferson,TN,41,33095,50221
Jefferson,TX,42,239593,241975
Jefferson,WA,46,20659,29199
Jefferson,WI,48,67987,80213
Jefferson,WV,47,36145,50832
Jenkins,GA,9,8249,8595
Jennings,IN,13,23670,28106
Jerauld,SD,40,2425,1993
Jerome,ID,11,15216,20066
Jersey,IL,12,20542,22455
Jessamine,KY,16,30721,45555
Jewell,KS,15,4233,3198
Jim Hogg,TX,42,5100,4973
Jim Wells,TX,42,37612,41119
Jo Daviess,IL,12,21798,22304
Johnson,AR,3,18305,24747
Johnson,GA,9,8353,9533
Johnson,IA,14,96595,125692
Johnson,IL,12,11324,13065
Johnson,IN,13,88615,135951
Johnson,KS,15,357309,526319
Johnson,KY,16,23284,24012
Johnson,MO,24,42629,51928
Johnson,NE,26,4666,4476
Johnson,TN,41,13818,18107
Johnson,TX,42,97258,149797
Johnson,WY,49,6172,8142
Johnston,NC,32,81925,157437
Johnston,OK,35,10030,10402
Jones,GA,9,20801,27229
Jones,IA,14,19480,20402
Jones,MS,23,61974,66763
Jones,NC,32,9392,10127
Jones,SD,40,1328,1055
Jones,TX,42,16435,19295
Josephine,OR,36,62985,81056
Juab,UT,43,5820,9604
Judith Basin,MT,25,2277,2048
Juneau,AK,1,27046,30690
Juneau,WI,48,21671,26548
Juniata,PA,37,20714,23168
Kalamazoo,MI,21,223951,245333
Kalawao,HI,10,134,119
Kalkaska,MI,21,13515,17188
Kanabec,MN,22,12820,16090
Kanawha,WV,47,207396,191306
Kandiyohi,MN,22,38830,40784
Kane,IL,12,319491,501021
Kane,UT,43,5166,6523
Kankakee,IL,12,96560,110705
Karnes,TX,42,12413,15067
Kauai,HI,10,51676,62828
Kaufman,TX,42,52457,96373
Kay,OK,35,48029,45638
Kearney,NE,26,6622,6602
Kearny,KS,15,4015,4148
Keith,NE,26,8578,8024
Kemper,MS,23,10334,10109
Kenai Peninsula,AK,1,41125,53097
Kendall,IL,12,39508,96818
Kendall,TX,42,14696,31342
Kenedy,TX,42,454,394
Kennebec,ME,18,116293,120839
Kenosha,WI,48,128767,162921
Kent,DE,7,111638,152255
Kent,MD,19,17869,19987
Kent,MI,21,502855,604330
Kent,RI,38,161463,168639
Kent,TX,42,1009,735
Kenton,KY,16,142238,156675
Keokuk,IA,14,11601,10770
Kern,CA,4,549535,790710
Kerr,TX,42,36359,47860
Kershaw,SC,39,43638,58168
Ketchikan Gateway,AK,1,13956,13227
Kewaunee,WI,48,18893,20533
Keweenaw,MI,21,1697,2151
Keya Paha,NE,26,1025,850
Kidder,ND,33,3321,2349
Kimball,NE,26,4071,3602
Kimble,TX,42,4118,4461
King and Queen,VA,45,6290,6882
King George,VA,45,13603,22630
King William,VA,45,10998,15689
King,TX,42,354,291
King,WA,46,1517208,1859284
Kingfisher,OK,35,13177,14320
Kingman,KS,15,8301,7826
Kings,CA,4,101885,148875
Kings,NY,31,2303679,2528050
Kingsbury,SD,40,5908,5394
Kinney,TX,42,3130,3320
Kiowa,CO,5,1676,1332
Kiowa,KS,15,3634,2953
Kiowa,OK,35,11337,9456
Kit Carson,CO,5,7131,7928
Kitsap,WA,46,191879,236732
Kittitas,WA,46,26859,38542
Kittson,MN,22,5744,4505
Klamath,OR,36,57948,66512
Kleberg,TX,42,30118,30390
Klickitat,WA,46,16665,20097
Knott,KY,16,17921,17280
Knox,IL,12,56380,51855
Knox,IN,13,39782,37949
Knox,KY,16,29666,32528
Knox,ME,18,36451,40781
Knox,MO,24,4485,4058
Knox,NE,26,9546,8665
Knox,OH,34,47637,58961
Knox,TN,41,336707,423874
Knox,TX,42,4849,3524
Kodiak Island,AK,1,13381,12997
Koochiching,MN,22,16459,13459
Kootenai,ID,11,70443,134442
Kosciusko,IN,13,65421,76115
Kossuth,IA,14,18551,15605
La Crosse,WI,48,98224,111411
La Paz,AZ,2,13964,20172
La Plata,CO,5,32505,49555
La Salle,LA,17,13621,14041
La Salle,TX,42,5272,6009
Labette,KS,15,23618,21973
Lac qui Parle,MN,22,8900,7258
Lackawanna,PA,37,219236,209330
Laclede,MO,24,27228,35391
Lafayette,AR,3,9588,7760
Lafayette,FL,8,5627,7998
Lafayette,LA,17,165269,204843
Lafayette,MO,24,31077,32677
Lafayette,MS,23,31977,42716
Lafayette,WI,48,16049,15819
Lafourche,LA,17,85808,92713
LaGrange,IN,13,29559,37032
Lake and Peninsula,AK,1,1676,1538
Lake of the Woods,MN,22,4086,4095
Lake,CA,4,51149,64664
Lake,CO,5,6053,7913
Lake,FL,8,153468,301059
Lake,IL,12,520187,710241
Lake,IN,13,476462,492104
Lake,MI,21,8629,11153
Lake,MN,22,10439,10741
Lake,MT,25,21048,28438
Lake,OH,34,215919,233392
Lake,OR,36,7182,7277
Lake,SD,40,10568,11372
Lake,TN,41,7111,7411
Lamar,AL,0,15702,14447
Lamar,GA,9,13056,16961
Lamar,MS,23,30482,47698
Lamar,TX,42,44034,49255
Lamb,TX,42,15010,13901
Lamoille,VT,44,19861,24676
LaMoure,ND,33,5357,4110
Lampasas,TX,42,13520,20877
Lancaster,NE,26,214655,275665
Lancaster,PA,37,424947,498465
Lancaster,SC,39,54696,73393
Lancaster,VA,45,10925,11532
Lander,NV,27,6291,5104
Lane,KS,15,2359,1746
Lane,OR,36,284261,343591
Langlade,WI,48,19504,20302
Lanier,GA,9,5537,7947
Lapeer,MI,21,75118,92012
LaPorte,IN,13,107257,109787
Laramie,WY,49,73175,86353
Larimer,CO,5,187299,287574
Larue,KY,16,11747,13661
Las Animas,CO,5,13757,16010
LaSalle,IL,12,107126,112616
Lassen,CA,4,27666,35031
Latah,ID,11,30714,36299
Latimer,OK,35,10364,10508
Lauderdale,AL,0,79962,88561
Lauderdale,MS,23,75569,77100
Lauderdale,TN,41,23569,26700
Laurel,KY,16,43556,57351
Laurens,GA,9,39987,47520
Laurens,SC,39,58423,69582
Lavaca,TX,42,18640,18754
Lawrence,AL,0,31605,34229
Lawrence,AR,3,17430,16860
Lawrence,IL,12,15928,15588
Lawrence,IN,13,42934,46033
Lawrence,KY,16,14004,16322
Lawrence,MO,24,30280,37650
Lawrence,MS,23,12468,13341
Lawrence,OH,34,61872,62609
Lawrence,PA,37,96258,90991
Lawrence,SD,40,20707,23347
Lawrence,TN,41,35387,40887
Le Flore,OK,35,43427,49715
Le Sueur,MN,22,23247,28034
Lea,NM,30,55506,58043
Leake,MS,23,18503,22828
Leavenworth,KS,15,64610,73603
Lebanon,PA,37,114109,127889
Lee,AL,0,87735,130516
Lee,AR,3,12982,10859
Lee,FL,8,339012,590564
Lee,GA,9,16333,33050
Lee,IA,14,38632,35619
Lee,IL,12,34476,35450
Lee,KY,16,7426,7441
Lee,MS,23,65836,80349
Lee,NC,32,41548,57973
Lee,SC,39,18447,19988
Lee,TX,42,12811,16356
Lee,VA,45,24438,23461
Leelanau,MI,21,16554,21898
Leflore,MS,23,37322,35088
Lehigh,PA,37,291946,337343
Lemhi,ID,11,6926,7717
Lenawee,MI,21,91753,101243
Lenoir,NC,32,57376,56761
Leon,FL,8,194118,260945
Leon,TX,42,12659,16462
Leslie,KY,16,13590,11777
Letcher,KY,16,26978,24014
Levy,FL,8,26123,39065
Lewis and Clark,MT,25,47586,59998
Lewis,ID,11,3515,3581
Lewis,KY,16,13007,13885
Lewis,MO,24,10228,10040
Lewis,NY,31,26872,26472
Lewis,TN,41,9303,11591
Lewis,WA,46,59546,73645
Lewis,WV,47,17161,17145
Lexington,SC,39,168907,243270
Lexington,VA,45,6972,7026
Liberty,FL,8,5594,7851
Liberty,GA,9,52906,60503
Liberty,MT,25,2287,1796
Liberty,TX,42,52887,75434
Licking,OH,34,129006,156985
Limestone,AL,0,54357,73898
Limestone,TX,42,20935,22421
Lincoln,AR,3,13721,13729
Lincoln,CO,5,4525,5326
Lincoln,GA,9,7465,8098
Lincoln,ID,11,3349,4497
Lincoln,KS,15,3636,3285
Lincoln,KY,16,20214,25245
Lincoln,LA,17,41769,42562
Lincoln,ME,18,30485,34800
Lincoln,MN,22,6903,5877
Lincoln,MO,24,29017,51528
Lincoln,MS,23,30318,34529
Lincoln,MT,25,17499,18885
Lincoln,NC,32,50790,73106
Lincoln,NE,26,32511,35500
Lincoln,NM,30,12258,20783
Lincoln,NV,27,3810,4759
Lincoln,OK,35,29123,32272
Lincoln,OR,36,39075,45866
Lincoln,SD,40,15465,37765
Lincoln,TN,41,28208,32731
Lincoln,WA,46,8882,10255
Lincoln,WI,48,27070,29659
Lincoln,WV,47,21365,22322
Lincoln,WY,49,12710,16171
Linn,IA,14,169295,205836
Linn,KS,15,8258,9767
Linn,MO,24,13855,12689
Linn,OR,36,91690,113264
Lipscomb,TX,42,3122,3033
Litchfield,CT,6,174462,188273
Little River,AR,3,14002,12812
Live Oak,TX,42,9591,11349
Livingston,IL,12,39354,38258
Livingston,KY,16,9064,9610
Livingston,LA,17,70761,116580
Livingston,MI,21,116655,183194
Livingston,MO,24,14577,14196
Livingston,NY,31,62477,63196
Llano,TX,42,11684,18394
Logan,AR,3,20574,22599
Logan,CO,5,17564,21055
Logan,IL,12,30765,29962
Logan,KS,15,3087,2628
Logan,KY,16,24459,27129
Logan,ND,33,2829,1956
Logan,NE,26,872,745
Logan,OH,34,42417,46279
Logan,OK,35,29080,36435
Logan,WV,47,42806,35629
Long,GA,9,6341,11300
Lonoke,AR,3,39468,63562
Lorain,OH,34,271711,302260
Los Alamos,NM,30,18144,18558
Los Angeles,CA,4,8878157,9878554
Loudon,TN,41,31389,45448
Loudoun,VA,45,87208,278797
Louisa,IA,14,11620,11795
Louisa,VA,45,20506,31961
Loup,NE,26,680,644
Love,OK,35,7788,9112
Loving,TX,42,105,55
Lowndes,AL,0,12668,12686
Lowndes,GA,9,76407,101790
Lowndes,MS,23,59561,59614
Lubbock,TX,42,223144,260901
Lucas,IA,14,9059,9421
Lucas,OH,34,462634,441910
Luce,MI,21,5786,6728
Lumpkin,GA,9,14715,26554
Luna,NM,30,18179,26996
Lunenburg,VA,45,11434,13018
Luzerne,PA,37,328749,312265
Lycoming,PA,37,118876,116811
Lyman,SD,40,3646,3909
Lynchburg,VA,45,66208,71282
Lynn,TX,42,6721,5882
Lyon,IA,14,11978,11266
Lyon,KS,15,34775,35981
Lyon,KY,16,6641,8253
Lyon,MN,22,24766,24695
Lyon,NV,27,20267,52479
Mackinac,MI,21,10717,10877
Macomb,MI,21,718280,831077
Macon,AL,0,24911,22336
Macon,GA,9,13118,13524
Macon,IL,12,117271,108732
Macon,MO,24,15332,15576
Macon,NC,32,23623,32608
Macon,TN,41,15968,21561
Macoupin,IL,12,47690,48235
Madera,CA,4,89125,146513
Madison,AL,0,239996,312734
Madison,AR,3,11654,15420
Madison,FL,8,16611,18957
Madison,GA,9,21214,28012
Madison,IA,14,12516,15416
Madison,ID,11,23823,36647
Madison,IL,12,249738,267347
Madison,IN,13,130922,131312
Madison,KY,16,57728,81103
Madison,LA,17,12433,11858
Madison,MO,24,11138,12180
Madison,MS,23,54271,89387
Madison,MT,25,5994,7426
Madison,NC,32,17027,20309
Madison,NE,26,32709,34134
Madison,NY,31,69300,69829
Madison,OH,34,37111,41499
Madison,TN,41,78345,96518
Madison,TX,42,10920,13379
Madison,VA,45,12014,13719
Magoffin,KY,16,13100,13186
Mahaska,IA,14,21563,22280
Mahnomen,MN,22,5036,5129
Mahoning,OH,34,265095,240420
Major,OK,35,7999,7190
Malheur,OR,36,26162,31135
Manassas Park,VA,45,6872,11426
Manassas,VA,45,28123,35412
Manatee,FL,8,213563,315108
Manistee,MI,21,21245,24803
Manitowoc,WI,48,80486,80928
Marathon,WI,48,115743,129958
Marengo,AL,0,23003,21276
Maricopa,AZ,2,2132249,3880181
Maries,MO,24,7984,9115
Marin,CA,4,230522,248096
Marinette,WI,48,40639,42571
Marion,AL,0,29846,29580
Marion,AR,3,12039,16629
Marion,FL,8,197095,324857
Marion,GA,9,5583,7024
Marion,IA,14,29995,32775
Marion,IL,12,41612,39587
Marion,IN,13,800138,876804
Marion,KS,15,12875,12238
Marion,KY,16,16510,18933
Marion,MO,24,27773,28174
Marion,MS,23,25489,25735
Marion,OH,34,64289,65248
Marion,OR,36,229938,311449
Marion,SC,39,33926,33905
Marion,TN,41,24712,28138
Marion,TX,42,9946,10741
Marion,WV,47,57204,56728
Mariposa,CA,4,14446,18036
Marlboro,SC,39,29734,28819
Marquette,MI,21,71028,65216
Marquette,WI,48,12393,14982
Marshall,AL,0,71054,87644
Marshall,IA,14,38301,39316
Marshall,IL,12,12869,12851
Marshall,IN,13,42224,46698
Marshall,KS,15,11670,10186
Marshall,KY,16,27264,31258
Marshall,MN,22,10960,9618
Marshall,MS,23,30471,36695
Marshall,OK,35,10847,14830
Marshall,SD,40,4842,4318
Marshall,TN,41,21741,29179
Marshall,WV,47,37337,33148
Martin,FL,8,102033,139182
Martin,IN,13,10364,10058
Martin,KY,16,12545,11644
Martin,MN,22,22922,20462
Martin,NC,32,25049,23598
Martin,TX,42,4923,4464
Martinsville,VA,45,16262,14578
Mason,IL,12,16277,15151
Mason,KY,16,16669,17190
Mason,MI,21,25607,28750
Mason,TX,42,3404,3890
Mason,WA,46,38683,56384
Mason,WV,47,25144,25546
Massac,IL,12,14771,15109
Matagorda,TX,42,36804,37024
Matanuska-Susitna,AK,1,40148,82669
Mathews,VA,45,8352,9041
Maui,HI,10,101575,141783
Maury,TN,41,55262,79966
Maverick,TX,42,36712,51656
Mayes,OK,35,33440,39627
McClain,OK,35,22873,31849
McCone,MT,25,2259,1724
McCook,SD,40,5687,5755
McCormick,SC,39,8876,10098
McCracken,KY,16,63063,64765
McCreary,KY,16,15639,17326
McCulloch,TX,42,8694,7862
McCurtain,OK,35,33386,33539
McDonald,MO,24,16975,22895
McDonough,IL,12,35210,31992
McDowell,NC,32,35770,43537
McDowell,WV,47,34929,22991
McDuffie,GA,9,20148,21551
McHenry,IL,12,185409,315943
McHenry,ND,33,6494,5224
McIntosh,GA,9,8626,11420
McIntosh,ND,33,4004,2752
McIntosh,OK,35,16770,19709
McKean,PA,37,47319,43633
McKenzie,ND,33,6348,5617
McKinley,NM,30,61414,70059
McLean,IL,12,129715,164209
McLean,KY,16,9601,9731
McLean,ND,33,10378,8349
McLennan,TX,42,189736,228123
McLeod,MN,22,32116,37220
McMinn,TN,41,42479,52131
McMullen,TX,42,816,874
McNairy,TN,41,22484,25595
McPherson,KS,15,27340,29196
McPherson,NE,26,551,502
McPherson,SD,40,3212,2496
Meade,KS,15,4235,4403
Meade,KY,16,24217,27270
Meade,SD,40,21964,23999
Meagher,MT,25,1824,1900
Mecklenburg,NC,32,515605,867067
Mecklenburg,VA,45,29268,32106
Mecosta,MI,21,37418,42090
Medina,OH,34,122933,169832
Medina,TX,42,27422,43826
Meeker,MN,22,20874,23211
Meigs,OH,34,23000,22895
Meigs,TN,41,8108,11657
Mellette,SD,40,2133,2019
Menard,IL,12,11130,12466
Menard,TX,42,2224,2134
Mendocino,CA,4,80859,86273
Menifee,KY,16,5126,6764
Menominee,MI,21,24925,24249
Menominee,WI,48,4077,4616
Merced,CA,4,179953,245514
Mercer,IL,12,17261,16490
Mercer,KY,16,19166,21814
Mercer,MO,24,3726,3507
Mercer,ND,33,9754,7972
Mercer,NJ,29,326477,365449
Mercer,OH,34,39572,40888
Mercer,PA,37,121018,116809
Mercer,WV,47,64850,61350
Meriwether,GA,9,22447,22748
Merrick,NE,26,8057,7690
Merrimack,NH,28,120742,148274
Mesa,CO,5,93757,139082
Metcalfe,KY,16,8973,10268
Miami,IN,13,36924,36641
Miami,KS,15,23577,31078
Miami,OH,34,93292,101038
Miami-Dade,FL,8,1943717,2387170
Middlesex,CT,6,143514,164150
Middlesex,MA,20,1399308,1473416
Middlesex,NJ,29,673469,788629
Middlesex,VA,45,8718,10637
Midland,MI,21,76002,82818
Midland,TX,42,106701,126408
Mifflin,PA,37,46233,46941
Milam,TX,42,22914,24855
Millard,UT,43,11310,11949
Mille Lacs,MN,22,18701,26354
Miller,AR,3,38503,42662
Miller,GA,9,6273,6163
Miller,MO,24,20776,24898
Mills,IA,14,13168,15180
Mills,TX,42,4519,5031
Milwaukee,WI,48,959963,951252
Miner,SD,40,3276,2475
Mineral,CO,5,554,962
Mineral,MT,25,3329,3895
Mineral,NV,27,6450,4774
Mineral,WV,47,26680,26722
Mingo,WV,47,33567,26755
Minidoka,ID,11,19383,18564
Minnehaha,SD,40,124416,175272
Missaukee,MI,21,12235,14976
Mississippi,AR,3,57561,46664
Mississippi,MO,24,14440,13672
Missoula,MT,25,79080,105650
Mitchell,GA,9,20345,24139
Mitchell,IA,14,10919,10738
Mitchell,KS,15,7184,6307
Mitchell,NC,32,14469,15786
Mitchell,TX,42,7948,9275
Mobile,AL,0,379167,404406
Modoc,CA,4,9677,9197
Moffat,CO,5,11408,13648
Mohave,AZ,2,95491,194944
Moniteau,MO,24,12350,15167
Monmouth,NJ,29,554210,642030
Mono,CA,4,10126,12801
Monona,IA,14,10003,9131
Monongalia,WV,47,75645,87516
Monroe,AL,0,24141,22764
Monroe,AR,3,11321,8712
Monroe,FL,8,78239,73223
Monroe,GA,9,17209,25145
Monroe,IA,14,8130,7586
Monroe,IL,12,22560,32372
Monroe,IN,13,109384,128643
Monroe,KY,16,11426,11663
Monroe,MI,21,133892,153608
Monroe,MO,24,9122,9205
Monroe,MS,23,36608,37078
Monroe,NY,31,715825,729681
Monroe,OH,34,15493,14258
Monroe,PA,37,96889,164722
Monroe,TN,41,30650,44848
Monroe,WI,48,36790,43112
Monroe,WV,47,12424,13537
Montague,TX,42,17249,19656
Montcalm,MI,21,53241,62950
Monterey,CA,4,357535,407637
Montezuma,CO,5,18732,25221
Montgomery,AL,0,209537,225791
Montgomery,AR,3,7858,9048
Montgomery,GA,9,7403,9060
Montgomery,IA,14,12074,11002
Montgomery,IL,12,30630,29810
Montgomery,IN,13,34491,37881
Montgomery,KS,15,38758,34511
Montgomery,KY,16,19582,25228
Montgomery,MD,19,765476,930813
Montgomery,MO,24,11400,11920
Montgomery,MS,23,12402,11491
Montgomery,NC,32,23489,27451
Montgomery,NY,31,52036,48695
Montgomery,OH,34,573895,538104
Montgomery,PA,37,680066,776172
Montgomery,TN,41,101682,154460
Montgomery,TX,42,184066,412638
Montgomery,VA,45,74263,89193
Montmorency,MI,21,8976,10327
Montour,PA,37,17798,17817
Montrose,CO,5,24507,39527
Moody,SD,40,6517,6506
Moore,NC,32,59347,84435
Moore,TN,41,4699,6119
Moore,TX,42,17846,20081
Mora,NM,30,4273,5069
Morehouse,LA,17,31914,28783
Morgan,AL,0,100513,115050
Morgan,CO,5,21962,27961
Morgan,GA,9,12943,18165
Morgan,IL,12,36443,35272
Morgan,IN,13,56215,69874
Morgan,KY,16,11697,14236
Morgan,MO,24,15621,20820
Morgan,OH,34,14193,14613
Morgan,TN,41,17358,20365
Morgan,UT,43,5546,8357
Morgan,WV,47,12196,16351
Morrill,NE,26,5428,5047
Morris,KS,15,6203,5967
Morris,NJ,29,421803,488475
Morris,TX,42,13108,13064
Morrison,MN,22,29674,32733
Morrow,OH,34,27784,34520
Morrow,OR,36,7618,11199
Morton,KS,15,3482,3038
Morton,ND,33,23658,25926
Motley,TX,42,1515,1287
Moultrie,IL,12,13946,14324
Mountrail,ND,33,6973,6481
Mower,MN,22,37405,38040
Muhlenberg,KY,16,31274,31341
Multnomah,OR,36,586617,701986
Murray,GA,9,26344,40664
Murray,MN,22,9602,8511
Murray,OK,35,11979,12695
Muscatine,IA,14,39969,42423
Muscogee,GA,9,179824,187046
Muskegon,MI,21,159384,174386
Muskingum,OH,34,82136,85333
Muskogee,OK,35,68153,71116
Musselshell,MT,25,4105,4494
Nacogdoches,TX,42,54882,62435
Nance,NE,26,4259,3572
Nantucket,MA,20,6055,10531
Napa,CA,4,111284,132565
Nash,NC,32,77060,92949
Nassau,FL,8,44252,68450
Nassau,NY,31,1286905,1306533
Natchitoches,LA,17,37112,39485
Natrona,WY,49,61296,71750
Navajo,AZ,2,77921,111273
Navarro,TX,42,39985,49396
Nelson,KY,16,29771,42517
Nelson,ND,33,4381,3217
Nelson,VA,45,12827,15245
Nemaha,KS,15,10447,10201
Nemaha,NE,26,7972,7039
Neosho,KS,15,17045,16228
Neshoba,MS,23,24835,30236
Ness,KS,15,4006,2991
Nevada,AR,3,10076,9376
Nevada,CA,4,79172,97027
New Castle,DE,7,443784,528218
New Hanover,NC,32,121140,190432
New Haven,CT,6,805366,845494
New Kent,VA,45,10568,17109
New London,CT,6,255474,267376
New Madrid,MO,24,20917,17779
New York,NY,31,1487073,1620867
Newaygo,MI,21,38411,49171
Newberry,SC,39,33233,37633
Newport News,VA,45,172324,179153
Newport,RI,38,87527,82777
Newton,AR,3,7685,8339
Newton,GA,9,42045,96019
Newton,IN,13,13570,14014
Newton,MO,24,44597,56038
Newton,MS,23,20341,22329
Newton,TX,42,13545,13827
Nez Perce,ID,11,33860,38932
Niagara,NY,31,221163,214845
Nicholas,KY,16,6719,6889
Nicholas,WV,47,26743,26160
Nicollet,MN,22,28104,31680
Niobrara,WY,49,2486,2262
Noble,IN,13,38067,47526
Noble,OH,34,11331,14096
Noble,OK,35,11041,11124
Nobles,MN,22,20129,20128
Nodaway,MO,24,21749,22120
Nolan,TX,42,16530,14614
Nome,AK,1,8315,9315
Norfolk,MA,20,616799,654909
Norfolk,VA,45,261425,235747
Norman,MN,22,7947,6685
North Slope,AK,1,6048,6561
Northampton,NC,32,21032,20830
Northampton,PA,37,247893,293522
Northampton,VA,45,13089,13401
Northumberland,PA,37,96812,91003
Northumberland,VA,45,10550,12897
Northwest Arctic,AK,1,6147,7453
Norton,KS,15,5923,5422
Norton,VA,45,4249,3724
Nottoway,VA,45,15055,15755
Nowata,OK,35,9956,10723
Noxubee,MS,23,12616,11874
Nuckolls,NE,26,5762,4533
Nueces,TX,42,291669,321135
Nye,NV,27,18074,44116
Oakland,MI,21,1086685,1206089
Obion,TN,41,31761,31633
O'Brien,IA,14,15451,14062
Ocean,NJ,29,434623,565493
Oceana,MI,21,22577,27800
Ochiltree,TX,42,9113,9587
Oconee,GA,9,17820,31367
Oconee,SC,39,57699,70753
Oconto,WI,48,30332,37466
Ogemaw,MI,21,18776,21338
Ogle,IL,12,46059,55011
Oglethorpe,GA,9,9822,13963
Ohio,IN,13,5333,5772
Ohio,KY,16,21103,23560
Ohio,WV,47,50767,44398
Okaloosa,FL,8,144453,181499
Okanogan,WA,46,33424,39653
Okeechobee,FL,8,29834,40311
Okfuskee,OK,35,11581,11248
Oklahoma,OK,35,600398,701807
Okmulgee,OK,35,36478,39300
Oktibbeha,MS,23,38484,43898
Oldham,KY,16,33555,55935
Oldham,TX,42,2273,2075
Oliver,ND,33,2364,1725
Olmsted,MN,22,107056,139747
Oneida,ID,11,3513,4106
Oneida,NY,31,251191,232304
Oneida,WI,48,31791,36243
Onondaga,NY,31,469903,454010
Onslow,NC,32,150098,162745
Ontario,NY,31,95352,103956
Ontonagon,MI,21,8887,6977
Orange,CA,4,2418986,2997033
Orange,FL,8,685768,1066113
Orange,IN,13,18417,19607
Orange,NC,32,94232,124313
Orange,NY,31,308803,377169
Orange,TX,42,80560,82669
Orange,VA,45,21545,32492
Orange,VT,44,26330,29002
Orangeburg,SC,39,85050,89952
Oregon,MO,24,9484,10304
Orleans,LA,17,495744,239124
Orleans,NY,31,41970,42371
Orleans,VT,44,24172,27302
Osage,KS,15,15253,16459
Osage,MO,24,12021,13393
Osage,OK,35,41603,45523
Osborne,KS,15,4858,3871
Osceola,FL,8,110319,255815
Osceola,IA,14,7285,6468
Osceola,MI,21,20242,23148
Oscoda,MI,21,7872,8938
Oswego,NY,31,122302,121454
Otero,CO,5,20118,18854
Otero,NM,30,51979,63129
Otoe,NE,26,14216,15647
Otsego,MI,21,18047,24223
Otsego,NY,31,60518,62397
Ottawa,KS,15,5599,6006
Ottawa,MI,21,189176,259206
Ottawa,OH,34,40050,41084
Ottawa,OK,35,30615,32474
Otter Tail,MN,22,50747,57031
Ouachita,AR,3,30420,26068
Ouachita,LA,17,142193,149502
Ouray,CO,5,2309,4378
Outagamie,WI,48,140960,173703
Overton,TN,41,17672,20975
Owen,IN,13,17389,22398
Owen,KY,16,9079,11390
Owsley,KY,16,5020,4613
Owyhee,ID,11,8413,10835
Oxford,ME,18,52748,56734
Ozark,MO,24,8629,9245
Ozaukee,WI,48,73247,85602
Pacific,WA,46,18961,21490
Page,IA,14,16874,15874
Page,VA,45,21760,24142
Palm Beach,FL,8,871560,1266451
Palo Alto,IA,14,10642,9442
Palo Pinto,TX,42,25048,27321
Pamlico,NC,32,11395,12577
Panola,MS,23,30114,35408
Panola,TX,42,22053,23002
Park,CO,5,7215,17004
Park,MT,25,14643,16099
Park,WY,49,23190,27073
Parke,IN,13,15412,17169
Parker,TX,42,65281,108687
Parmer,TX,42,9871,9423
Pasco,FL,8,281937,462715
Pasquotank,NC,32,31403,40543
Passaic,NJ,29,470951,492115
Patrick,VA,45,17444,18870
Paulding,GA,9,42004,127906
Paulding,OH,34,20476,19182
Pawnee,KS,15,7527,6415
Pawnee,NE,26,3306,2686
Pawnee,OK,35,15552,16447
Payette,ID,11,16433,22751
Payne,OK,35,61496,79931
Peach,GA,9,21225,25672
Pearl River,MS,23,38830,57071
Pecos,TX,42,14627,15969
Pembina,ND,33,9202,7531
Pemiscot,MO,24,21860,18780
Pend Oreille,WA,46,8924,12760
Pender,NC,32,29086,49865
Pendleton,KY,16,12106,15058
Pendleton,WV,47,8031,7650
Pennington,MN,22,13296,13756
Pennington,SD,40,81695,96280
Penobscot,ME,18,147046,148784
Peoria,IL,12,183155,182993
Pepin,WI,48,7098,7383
Perkins,NE,26,3366,2928
Perkins,SD,40,3899,2917
Perquimans,NC,32,10477,12498
Perry,AL,0,12691,10602
Perry,AR,3,7973,10391
Perry,IL,12,21420,22596
Perry,IN,13,19107,18916
Perry,KY,16,30310,29213
Perry,MO,24,16700,18794
Perry,MS,23,10845,12205
Perry,OH,34,31596,34839
Perry,PA,37,41327,45163
Perry,TN,41,6629,7671
Pershing,NV,27,4361,6376
Person,NC,32,30314,37356
Petersburg,VA,45,37080,32885
Petroleum,MT,25,519,438
Pettis,MO,24,35545,40807
Phelps,MO,24,35317,42550
Phelps,NE,26,9701,9175
Philadelphia,PA,37,1584293,1449634
Phillips,AR,3,28768,22035
Phillips,CO,5,4199,4499
Phillips,KS,15,6554,5356
Phillips,MT,25,5150,3948
Piatt,IL,12,15550,16493
Pickaway,OH,34,48257,53809
Pickens,AL,0,20683,19651
Pickens,GA,9,14510,30488
Pickens,SC,39,94470,116003
Pickett,TN,41,4567,4762
Pierce,GA,9,13396,17881
Pierce,ND,33,5034,4103
Pierce,NE,26,7815,7284
Pierce,WA,46,590519,773165
Pierce,WI,48,32815,39577
Pike,AL,0,27662,29925
Pike,AR,3,10088,10791
Pike,GA,9,10317,17204
Pike,IL,12,17551,16707
Pike,IN,13,12481,12605
Pike,KY,16,72419,65544
Pike,MO,24,16054,18471
Pike,MS,23,36827,39798
Pike,OH,34,24350,27918
Pike,PA,37,28764,58633
Pima,AZ,2,668844,967089
Pinal,AZ,2,116867,299246
Pine,MN,22,21346,28164
Pinellas,FL,8,856166,917437
Pipestone,MN,22,10473,9305
Piscataquis,ME,18,18690,17180
Pitkin,CO,5,12758,15106
Pitt,NC,32,109054,152068
Pittsburg,OK,35,40978,44711
Pittsylvania,VA,45,55869,60826
Piute,UT,43,1271,1341
Placer,CA,4,175477,332920
Plaquemines,LA,17,25530,21540
Platte,MO,24,58274,84881
Platte,NE,26,29864,31849
Platte,WY,49,8113,8396
Pleasants,WV,47,7555,7183
Plumas,CA,4,19826,20615
Plymouth,IA,14,23382,24373
Plymouth,MA,20,436066,490258
Pocahontas,IA,14,9493,7686
Pocahontas,WV,47,8970,8571
Poinsett,AR,3,24643,24850
Pointe Coupee,LA,17,22482,22392
Polk,AR,3,17361,20197
Polk,FL,8,407756,574746
Polk,GA,9,33873,41460
Polk,IA,14,328531,418339
Polk,MN,22,32573,30708
Polk,MO,24,21951,30216
Polk,NC,32,14544,19036
Polk,NE,26,5653,5208
Polk,OR,36,49924,75265
Polk,TN,41,13694,15678
Polk,TX,42,30648,46332
Polk,WI,48,34924,44265
Pondera,MT,25,6427,5943
Pontotoc,MS,23,22348,28862
Pontotoc,OK,35,34112,36571
Pope,AR,3,46225,58961
Pope,IL,12,4356,4182
Pope,MN,22,10784,11065
Poquoson,VA,45,11033,11858
Portage,OH,34,142754,155869
Portage,WI,48,61584,68272
Porter,IN,13,129319,160578
Portsmouth,VA,45,103833,101967
Posey,IN,13,26009,26262
Pottawatomie,KS,15,16131,19396
Pottawatomie,OK,35,58809,69038
Pottawattamie,IA,14,82697,89409
Potter,PA,37,16759,16987
Potter,SD,40,3172,2184
Potter,TX,42,97908,120775
Powder River,MT,25,2077,1699
Powell,KY,16,11645,13811
Powell,MT,25,6640,7118
Power,ID,11,7054,7684
Poweshiek,IA,14,19035,18672
Powhatan,VA,45,15444,27817
Prairie,AR,3,9522,8739
Prairie,MT,25,1368,1044
Pratt,KS,15,9671,9426
Preble,OH,34,40144,41739
Prentiss,MS,23,23300,25378
Presidio,TX,42,6701,7575
Presque Isle,MI,21,13760,13852
Preston,WV,47,29051,30254
Price,WI,48,15618,14465
Prince Edward,VA,45,17393,21360
Prince George,VA,45,27647,35886
Prince George's,MD,19,725896,828770
Prince of Wales-Outer Ketchikan,AK,1,6280,5544
Prince William,VA,45,216592,360411
Providence,RI,38,597701,629435
Prowers,CO,5,13338,13181
Pueblo,CO,5,123134,154538
Pulaski,AR,3,350060,373911
Pulaski,GA,9,8148,9843
Pulaski,IL,12,7519,6490
Pulaski,IN,13,12802,13778
Pulaski,KY,16,49627,60148
Pulaski,MO,24,41786,44326
Pulaski,VA,45,34621,35060
Pushmataha,OK,35,10975,11666
Putnam,FL,8,65345,73821
Putnam,GA,9,14272,20251
Putnam,IL,12,5740,6014
Putnam,IN,13,30458,37014
Putnam,MO,24,5088,4913
Putnam,NY,31,84222,99489
Putnam,OH,34,33843,34635
Putnam,TN,41,51623,69916
Putnam,WV,47,43005,55001
Quay,NM,30,10814,8971
Queen Anne's,MD,19,34082,46571
Queens,NY,31,1957281,2270338
Quitman,GA,9,2216,2666
Quitman,MS,23,10440,8910
Rabun,GA,9,11721,16519
Racine,WI,48,175518,195099
Radford,VA,45,15948,16133
Rains,TX,42,6726,11211
Raleigh,WV,47,76818,79170
Ralls,MO,24,8466,9842
Ramsey,MN,22,486531,499891
Ramsey,ND,33,12647,11189
Randall,TX,42,89736,113036
Randolph,AL,0,19991,22425
Randolph,AR,3,16566,18089
Randolph,GA,9,8020,7294
Randolph,IL,12,34500,32760
Randolph,IN,13,27110,25859
Randolph,MO,24,24373,25590
Randolph,NC,32,107194,140145
Randolph,WV,47,27797,28292
Rankin,MS,23,87667,138362
Ransom,ND,33,5915,5682
Rapides,LA,17,131494,130079
Rappahannock,VA,45,6646,7199
Ravalli,MT,25,25068,40396
Rawlins,KS,15,3383,2558
Ray,MO,24,22004,23482
Reagan,TX,42,4479,3053
Real,TX,42,2415,2965
Red Lake,MN,22,4510,4118
Red River,LA,17,9491,9195
Red River,TX,42,14263,13108
Red Willow,NE,26,11672,10748
Redwood,MN,22,17201,15519
Reeves,TX,42,15736,11183
Refugio,TX,42,7933,7358
Reno,KS,15,62400,63145
Rensselaer,NY,31,154680,155318
Renville,MN,22,17640,16132
Renville,ND,33,3130,2314
Republic,KS,15,6466,4901
Reynolds,MO,24,6664,6465
Rhea,TN,41,24374,30328
Rice,KS,15,10567,10080
Rice,MN,22,49346,61955
Rich,UT,43,1731,2094
Richardson,NE,26,9963,8351
Richland,IL,12,16512,15546
Richland,LA,17,20555,20469
Richland,MT,25,10640,9182
Richland,ND,33,18132,16498
Richland,OH,34,126160,125679
Richland,SC,39,287491,357734
Richland,WI,48,17554,18142
Richmond,GA,9,190689,197372
Richmond,NC,32,44608,45985
Richmond,NY,31,380564,481613
Richmond,VA,45,7279,9171
Richmond,VA,45,203463,200123
Riley,KS,15,67212,69083
Ringgold,IA,14,5416,5152
Rio Arriba,NM,30,34569,40827
Rio Blanco,CO,5,6011,6227
Rio Grande,CO,5,10764,11627
Ripley,IN,13,24687,27350
Ripley,MO,24,12348,13551
Ritchie,WV,47,10243,10371
Riverside,CA,4,1193156,2073571
Roane,TN,41,47273,53399
Roane,WV,47,15014,15295
Roanoke,VA,45,79496,90420
Roanoke,VA,45,96846,92600
Roberts,SD,40,9906,9865
Roberts,TX,42,1039,831
Robertson,KY,16,2114,2202
Robertson,TN,41,41669,63333
Robertson,TX,42,15510,15819
Robeson,NC,32,105543,128149
Rock Island,IL,12,148688,147329
Rock,MN,22,9812,9498
Rock,NE,26,2009,1515
Rock,WI,48,139859,159623
Rockbridge,VA,45,18414,21498
Rockcastle,KY,16,14834,16687
Rockdale,GA,9,54656,82052
Rockingham,NC,32,86283,92421
Rockingham,NH,28,246714,296543
Rockingham,VA,45,57911,73524
Rockland,NY,31,265981,296483
Rockwall,TX,42,25918,73810
Roger Mills,OK,35,4113,3308
Rogers,OK,35,55357,83105
Rolette,ND,33,12793,13665
Rooks,KS,15,6002,5160
Roosevelt,MT,25,10958,10148
Roosevelt,NM,30,16781,19142
Roscommon,MI,21,19957,25517
Roseau,MN,22,15098,15946
Rosebud,MT,25,10473,9182
Ross,OH,34,69401,75398
Routt,CO,5,14239,22382
Rowan,KY,16,20418,22559
Rowan,NC,32,110999,137383
Runnels,TX,42,11231,10362
Rush,IN,13,18156,17494
Rush,KS,15,3834,3211
Rusk,TX,42,43773,48568
Rusk,WI,48,15094,14655
Russell,AL,0,46958,50183
Russell,KS,15,7787,6737
Russell,KY,16,14755,17140
Russell,VA,45,28688,28838
Rutherford,NC,32,57196,63012
Rutherford,TN,41,119847,241462
Rutland,VT,44,62278,63270
Sabine,LA,17,22487,23683
Sabine,TX,42,9572,10138
Sac,IA,14,12311,10385
Sacramento,CA,4,1075819,1386667
Sagadahoc,ME,18,33700,36387
Saginaw,MI,21,212071,202268
Saguache,CO,5,4632,6920
Salem,NJ,29,65383,66016
Salem,VA,45,23848,25233
Saline,AR,3,64464,96212
Saline,IL,12,26501,26102
Saline,KS,15,49413,54583
Saline,MO,24,23499,22701
Saline,NE,26,12711,13873
Salt Lake,UT,43,729893,1009518
Saluda,SC,39,16474,18748
Sampson,NC,32,47499,63641
San Augustine,TX,42,7983,8639
San Benito,CA,4,36835,54667
San Bernardino,CA,4,1437315,2007800
San Diego,CA,4,2512365,2974859
San Francisco,CA,4,723496,764976
San Jacinto,TX,42,16387,24818
San Joaquin,CA,4,484131,670990
San Juan,CO,5,749,559
San Juan,NM,30,91567,122427
San Juan,UT,43,12732,14484
San Juan,WA,46,10171,15214
San Luis Obispo,CA,4,218276,262436
San Mateo,CA,4,650174,706984
San Miguel,CO,5,3741,7533
San Miguel,NM,30,25820,28655
San Patricio,TX,42,58723,68520
San Saba,TX,42,5378,5968
Sanborn,SD,40,2825,2444
Sanders,MT,25,8680,11033
Sandoval,NM,30,63989,117866
Sandusky,OH,34,61953,60997
Sangamon,IL,12,178688,194122
Sanilac,MI,21,40030,43640
Sanpete,UT,43,16325,24644
Santa Barbara,CA,4,370565,404197
Santa Clara,CA,4,1498307,1748976
Santa Cruz,AZ,2,29854,42845
Santa Cruz,CA,4,229616,251747
Santa Fe,NM,30,99587,142955
Santa Rosa,FL,8,82434,147044
Sarasota,FL,8,279748,372073
Saratoga,NY,31,182259,215852
Sargent,ND,33,4537,4110
Sarpy,NE,26,103024,146756
Sauk,WI,48,47165,58477
Saunders,NE,26,18352,20184
Sawyer,WI,48,14195,17088
Schenectady,NY,31,149519,150818
Schleicher,TX,42,3033,2811
Schley,GA,9,3588,4123
Schoharie,NY,31,31938,32063
Schoolcraft,MI,21,8325,8518
Schuyler,IL,12,7502,6990
Schuyler,MO,24,4242,4102
Schuyler,NY,31,18705,19027
Schuylkill,PA,37,152742,147269
Scioto,OH,34,80372,75958
Scotland,MO,24,4821,4814
Scotland,NC,32,33865,36364
Scott,AR,3,10200,11304
Scott,IA,14,151304,162687
Scott,IL,12,5633,5215
Scott,IN,13,21011,23679
Scott,KS,15,5273,4568
Scott,KY,16,23943,42954
Scott,MN,22,58285,126642
Scott,MO,24,39424,40735
Scott,MS,23,24276,28895
Scott,TN,41,18393,21973
Scott,VA,45,23216,22787
Scotts Bluff,NE,26,35992,36370
Screven,GA,9,13832,15037
Scurry,TX,42,18584,16011
Searcy,AR,3,7819,8087
Sebastian,AR,3,99743,121766
Sedgwick,CO,5,2678,2340
Sedgwick,KS,15,404613,476026
Seminole,FL,8,291169,409509
Seminole,GA,9,9002,9081
Seminole,OK,35,25308,24179
Seneca,NY,31,33710,34228
Seneca,OH,34,59822,56705
Sequatchie,TN,41,8899,13369
Sequoyah,OK,35,33866,41024
Sevier,AR,3,13752,16325
Sevier,TN,41,51449,83527
Sevier,UT,43,15447,19702
Seward,KS,15,18725,23109
Seward,NE,26,15489,16554
Shackelford,TX,42,3284,3161
Shannon,MO,24,7610,8431
Shannon,SD,40,9937,13589
Sharkey,MS,23,7031,5571
Sharp,AR,3,14128,17848
Shasta,CA,4,148606,179427
Shawano,WI,48,37222,41072
Shawnee,KS,15,161304,173476
Sheboygan,WI,48,104137,114504
Shelby,AL,0,100024,182113
Shelby,IA,14,13235,12313
Shelby,IL,12,22300,21759
Shelby,IN,13,40383,44063
Shelby,KY,16,25018,40458
Shelby,MO,24,6922,6509
Shelby,OH,34,45046,48834
Shelby,TN,41,828446,910100
Shelby,TX,42,22063,26512
Shenandoah,VA,45,31818,40403
Sherburne,MN,22,42322,86287
Sheridan,KS,15,3055,2493
Sheridan,MT,25,4692,3373
Sheridan,ND,33,2131,1320
Sheridan,NE,26,6690,5450
Sheridan,WY,49,23593,27998
Sherman,KS,15,6929,5959
Sherman,NE,26,3702,3013
Sherman,OR,36,1924,1677
Sherman,TX,42,2844,2905
Shiawassee,MI,21,69877,71753
Shoshone,ID,11,13973,12838
Sibley,MN,22,14348,15007
Sierra,CA,4,3323,3328
Sierra,NM,30,10030,12316
Silver Bow,MT,25,33913,32652
Simpson,KY,16,15140,17070
Simpson,MS,23,24023,27824
Sioux,IA,14,29927,32351
Sioux,ND,33,3777,4223
Sioux,NE,26,1539,1351
Siskiyou,CA,4,43743,44296
Sitka,AK,1,8653,8874
Skagit,WA,46,80457,116397
Skagway-Hoonah-Angoon,AK,1,4418,3059
Skamania,WA,46,8326,10723
Slope,ND,33,894,659
Smith,KS,15,5045,3951
Smith,MS,23,14776,16009
Smith,TN,41,14183,18845
Smith,TX,42,151550,198705
Smyth,VA,45,32437,32050
Snohomish,WA,46,471080,676898
Snyder,PA,37,36801,38113
Socorro,NM,30,14816,18118
Solano,CA,4,343463,408599
Somerset,MD,19,23469,26016
Somerset,ME,18,49946,51658
Somerset,NJ,29,241464,323552
Somerset,PA,37,78232,77861
Somervell,TX,42,5272,7757
Sonoma,CA,4,390495,464435
Southampton,VA,45,17035,17654
Southeast Fairbanks,AK,1,5765,6840
Spalding,GA,9,54717,62826
Spartanburg,SC,39,227580,275534
Spencer,IN,13,19507,20334
Spencer,KY,16,6857,16837
Spink,SD,40,7961,6739
Spokane,WA,46,363029,456175
Spotsylvania,VA,45,58809,119194
St. Bernard,LA,17,66723,19826
St. Charles,LA,17,42474,52044
St. Charles,MO,24,214434,343952
St. Clair,AL,0,50084,78054
St. Clair,IL,12,262628,261316
St. Clair,MI,21,146333,170119
St. Clair,MO,24,8462,9428
St. Croix,WI,48,50527,81131
St. Francis,AR,3,28481,26900
St. Francois,MO,24,49013,62810
St. Helena,LA,17,9879,10620
St. James,LA,17,20842,21578
St. John the Baptist,LA,17,40058,47684
St. Johns,FL,8,84825,175446
St. Joseph,IN,13,247666,266088
St. Joseph,MI,21,58928,62449
St. Landry,LA,17,80194,91362
St. Lawrence,NY,31,112158,109809
St. Louis city,MO,24,395857,350759
St. Louis,MN,22,198621,196694
St. Louis,MO,24,995198,995118
St. Lucie,FL,8,152669,260939
St. Martin,LA,17,44123,51651
St. Mary,LA,17,57989,51311
St. Mary's,MD,19,76361,100378
St. Tammany,LA,17,145075,226625
Stafford,KS,15,5317,4387
Stafford,VA,45,62600,120723
Stanislaus,CA,4,375312,511263
Stanley,SD,40,2451,2787
Stanly,NC,32,51906,59195
Stanton,KS,15,2334,2162
Stanton,NE,26,6282,6395
Stark,IL,12,6541,6191
Stark,ND,33,22778,22458
Stark,OH,34,368065,378664
Starke,IN,13,22841,23542
Starr,TX,42,40805,61833
Staunton,VA,45,24645,23834
Ste. Genevieve,MO,24,16087,17841
Stearns,MN,22,119719,146051
Steele,MN,22,30856,36378
Steele,ND,33,2399,1840
Stephens,GA,9,23474,25268
Stephens,OK,35,42193,43322
Stephens,TX,42,8951,9538
Stephenson,IL,12,48118,46573
Sterling,TX,42,1431,1245
Steuben,IN,13,27489,33450
Steuben,NY,31,99286,96874
Stevens,KS,15,5060,5061
Stevens,MN,22,10621,9624
Stevens,WA,46,31101,41835
Stewart,GA,9,5649,4647
Stewart,TN,41,9495,13087
Stillwater,MT,25,6573,8660
Stoddard,MO,24,28907,29738
Stokes,NC,32,37396,46072
Stone,AR,3,9831,11971
Stone,MO,24,19197,31552
Stone,MS,23,10757,15731
Stonewall,TX,42,1995,1405
Storey,NV,27,2535,4193
Story,IA,14,74382,84752
Strafford,NH,28,104359,121581
Stutsman,ND,33,22149,20480
Sublette,WY,49,4883,7925
Suffolk,MA,20,663047,713049
Suffolk,NY,31,1322686,1453229
Suffolk,VA,45,52220,81332
Sullivan,IN,13,18997,21366
Sullivan,MO,24,6332,6675
Sullivan,NH,28,38650,42689
Sullivan,NY,31,69545,76303
Sullivan,PA,37,6117,6200
Sullivan,TN,41,143886,153519
Sully,SD,40,1591,1411
Summers,WV,47,14092,13202
Summit,CO,5,13124,26547
Summit,OH,34,515900,543487
Summit,UT,43,15792,35541
Sumner,KS,15,25845,23888
Sumner,TN,41,103761,152721
Sumter,AL,0,16153,13306
Sumter,FL,8,31882,72246
Sumter,GA,9,30338,32532
Sumter,SC,39,101271,103943
Sunflower,MS,23,35096,30964
Surry,NC,32,61969,72380
Surry,VA,45,6170,7089
Susquehanna,PA,37,40498,41123
Sussex,DE,7,114145,184291
Sussex,NJ,29,131346,151478
Sussex,VA,45,10256,12222
Sutter,CA,4,64854,92040
Sutton,TX,42,4122,4303
Suwannee,FL,8,26918,39525
Swain,NC,32,11306,13643
Sweet Grass,MT,25,3146,3807
Sweetwater,WY,49,38792,39305
Swift,MN,22,10736,11192
Swisher,TX,42,8079,7700
Switzerland,IN,13,7763,9684
Talbot,GA,9,6527,6607
Talbot,MD,19,30661,36193
Taliaferro,GA,9,1908,1884
Talladega,AL,0,74182,80255
Tallahatchie,MS,23,15200,13260
Tallapoosa,AL,0,38927,40747
Tama,IA,14,17436,17855
Taney,MO,24,25773,45721
Tangipahoa,LA,17,85754,115398
Taos,NM,30,23235,31608
Tarrant,TX,42,1177220,1717435
Tate,MS,23,21458,26910
Tattnall,GA,9,17808,23179
Taylor,FL,8,17168,19771
Taylor,GA,9,7688,8738
Taylor,IA,14,7103,6397
Taylor,KY,16,21177,23917
Taylor,TX,42,119627,126540
Taylor,WI,48,18922,19312
Taylor,WV,47,15131,16117
Tazewell,IL,12,123887,131154
Tazewell,VA,45,45996,43855
Tehama,CA,4,49913,61114
Telfair,GA,9,11002,13366
Teller,CO,5,12526,21824
Tensas,LA,17,7056,5865
Terrebonne,LA,17,97044,108424
Terrell,GA,9,10626,10260
Terrell,TX,42,1378,934
Terry,TX,42,13174,12189
Teton,ID,11,3458,8349
Teton,MT,25,6267,6023
Teton,WY,49,11328,20002
Texas,MO,24,21497,23321
Texas,OK,35,16460,20032
Thayer,NE,26,6610,5163
Thomas,GA,9,38902,45237
Thomas,KS,15,8283,7314
Thomas,NE,26,850,600
Throckmorton,TX,42,1866,1664
Thurston,NE,26,6934,7208
Thurston,WA,46,163014,238555
Tift,GA,9,35071,41610
Tillamook,OR,36,21638,25038
Tillman,OK,35,10323,8148
Tioga,NY,31,52479,50453
Tioga,PA,37,41217,40681
Tippah,MS,23,19552,21160
Tippecanoe,IN,13,130799,163364
Tipton,IN,13,16141,16069
Tipton,TN,41,37900,57686
Tishomingo,MS,23,17728,19053
Titus,TX,42,24118,29392
Todd,KY,16,10943,12044
Todd,MN,22,23345,24029
Todd,SD,40,8385,10157
Tolland,CT,6,128966,148139
Tom Green,TX,42,98300,106342
Tompkins,NY,31,94241,101055
Tooele,UT,43,26718,54914
Toole,MT,25,5050,5144
Toombs,GA,9,24121,27820
Torrance,NM,30,10316,16598
Towner,ND,33,3594,2292
Towns,GA,9,6781,10894
Traill,ND,33,8717,8069
Transylvania,NC,32,25547,29984
Traverse,MN,22,4463,3712
Travis,TX,42,581024,974365
Treasure,MT,25,867,651
Trego,KS,15,3683,2927
Trempealeau,WI,48,25317,27815
Treutlen,GA,9,6012,6938
Trigg,KY,16,10352,13401
Trimble,KY,16,6103,8983
Trinity,CA,4,13052,14177
Trinity,TX,42,11459,14168
Tripp,SD,40,6905,5806
Troup,GA,9,55581,63535
Trousdale,TN,41,5937,7727
Trumbull,OH,34,227867,213475
Tucker,WV,47,7710,6868
Tulare,CA,4,314062,421553
Tulsa,OK,35,505289,585068
Tunica,MS,23,8167,10453
Tuolumne,CA,4,48845,55806
Turner,GA,9,8700,9270
Turner,SD,40,8580,8379
Tuscaloosa,AL,0,151095,177906
Tuscarawas,OH,34,84183,91398
Tuscola,MI,21,55546,56805
Twiggs,GA,9,9841,10280
Twin Falls,ID,11,53817,73058
Tyler,TX,42,16679,20403
Tyler,WV,47,9795,8952
Tyrrell,NC,32,3856,4121
Uinta,WY,49,18638,20195
Uintah,UT,43,22281,29042
Ulster,NY,31,166049,181860
Umatilla,OR,36,59433,73491
Unicoi,TN,41,16542,17699
Union,AR,3,46785,43230
Union,FL,8,10293,14991
Union,GA,9,12066,20968
Union,IA,14,12774,12146
Union,IL,12,17609,18257
Union,IN,13,6987,7203
Union,KY,16,16526,15092
Union,LA,17,20751,22773
Union,MS,23,22091,26907
Union,NC,32,84772,184675
Union,NJ,29,494140,524658
Union,NM,30,4115,3792
Union,OH,34,32010,47234
Union,OR,36,23674,24753
Union,PA,37,36251,43724
Union,SC,39,30308,27770
Union,SD,40,10188,13952
Union,TN,41,13758,18877
Upshur,TX,42,31364,37924
Upshur,WV,47,22886,23508
Upson,GA,9,26329,27562
Upton,TX,42,4379,3052
Utah,UT,43,264893,483702
Uvalde,TX,42,23320,26581
Val Verde,TX,42,38562,48029
Valdez-Cordova,AK,1,10024,9496
Valencia,NM,30,45587,71364
Valley,ID,11,6142,8945
Valley,MT,25,8175,6899
Valley,NE,26,5169,4263
Van Buren,AR,3,14057,16507
Van Buren,IA,14,7683,7690
Van Buren,MI,21,70300,77931
Van Buren,TN,41,4865,5437
Van Wert,OH,34,30426,28889
Van Zandt,TX,42,38042,52055
Vance,NC,32,39042,42992
Vanderburgh,IN,13,165282,174425
Venango,PA,37,59319,54763
Ventura,CA,4,670117,798364
Vermilion,IL,12,88155,81191
Vermilion,LA,17,50010,55691
Vermillion,IN,13,16753,16417
Vernon,LA,17,62090,47380
Vernon,MO,24,19050,20000
Vernon,WI,48,25606,29014
Victoria,TX,42,74604,86291
Vigo,IN,13,106122,104915
Vilas,WI,48,17726,22083
Vinton,OH,34,11099,13372
Virginia Beach,VA,45,395542,434743
Volusia,FL,8,374200,500413
Wabash,IL,12,13106,12165
Wabash,IN,13,35117,32918
Wabasha,MN,22,19783,21783
Wabaunsee,KS,15,6581,6870
Wade Hampton,AK,1,5816,7623
Wadena,MN,22,13123,13382
Wagoner,OK,35,48027,67239
Wahkiakum,WA,46,3330,4039
Wake,NC,32,430378,832970
Wakulla,FL,8,14437,29726
Waldo,ME,18,33154,38511
Walker,AL,0,67642,68816
Walker,GA,9,58313,64554
Walker,TX,42,51020,63902
Walla Walla,WA,46,48534,57709
Wallace,KS,15,1813,1456
Waller,TX,42,23507,35933
Wallowa,OR,36,6945,6759
Walsh,ND,33,13766,11011
Walthall,MS,23,14409,15360
Walton,FL,8,27837,52881
Walton,GA,9,38757,83144
Walworth,SD,40,6052,5262
Walworth,WI,48,75356,100800
Wapello,IA,14,35733,35551
Ward,ND,33,57794,55927
Ward,TX,42,12976,10268
Ware,GA,9,35456,35831
Warren,GA,9,6079,5908
Warren,IA,14,36170,44503
Warren,IL,12,19160,17402
Warren,IN,13,8171,8482
Warren,KY,16,77942,104023
Warren,MO,24,19616,30467
Warren,MS,23,47792,48866
Warren,NC,32,17303,19410
Warren,NJ,29,91984,109737
Warren,NY,31,59520,66143
Warren,OH,34,114509,204390
Warren,PA,37,45039,40986
Warren,TN,41,33099,39690
Warren,VA,45,26313,36294
Warrick,IN,13,44981,57090
Wasatch,UT,43,10150,20535
Wasco,OR,36,21781,23762
Waseca,MN,22,18096,19528
Washakie,WY,49,8363,7816
Washburn,WI,48,13817,16682
Washington,AL,0,16702,17226
Washington,AR,3,114325,194292
Washington,CO,5,4784,4627
Washington,FL,8,16972,22886
Washington,GA,9,19183,20937
Washington,IA,14,19617,21346
Washington,ID,11,8590,10147
Washington,IL,12,14963,14769
Washington,IN,13,23715,27920
Washington,KS,15,7042,5840
Washington,KY,16,10453,11558
Washington,LA,17,43158,44920
Washington,MD,19,121951,145113
Washington,ME,18,35397,32751
Washington,MN,22,146940,226475
Washington,MO,24,20472,24317
Washington,MS,23,67826,55644
Washington,NC,32,14012,12915
Washington,NE,26,16638,19959
Washington,NY,31,59507,62743
Washington,OH,34,62261,61576
Washington,OK,35,48338,49888
Washington,OR,36,315469,522514
Washington,PA,37,204569,205553
Washington,RI,38,110389,126902
Washington,TN,41,92732,116657
Washington,TX,42,26162,32034
Washington,UT,43,49183,133791
Washington,VA,45,45968,52733
Washington,VT,44,55111,58926
Washington,WI,48,95868,128211
Washita,OK,35,11445,11667
Washoe,NV,27,256643,406079
Washtenaw,MI,21,283987,350003
Watauga,NC,32,37047,44541
Watonwan,MN,22,11712,11022
Waukesha,WI,48,306225,379333
Waupaca,WI,48,46242,52045
Waushara,WI,48,19434,24766
Wayne,GA,9,22463,29046
Wayne,IA,14,7075,6292
Wayne,IL,12,17217,16568
Wayne,IN,13,71998,68260
Wayne,KY,16,17495,20637
Wayne,MI,21,2107915,1985101
Wayne,MO,24,11564,12655
Wayne,MS,23,19537,21096
Wayne,NC,32,104896,113590
Wayne,NE,26,9375,9317
Wayne,NY,31,89365,91291
Wayne,OH,34,101744,113554
Wayne,PA,37,40215,51708
Wayne,TN,41,13974,16657
Wayne,UT,43,2190,2520
Wayne,WV,47,41667,41231
Waynesboro,VA,45,18569,21656
Weakley,TN,41,32071,33227
Webb,TX,42,134430,233152
Weber,UT,43,158860,221846
Webster,GA,9,2263,2245
Webster,IA,14,40345,38587
Webster,KY,16,13940,13890
Webster,LA,17,41883,40924
Webster,MO,24,23794,35927
Webster,MS,23,10203,9789
Webster,NE,26,4276,3609
Webster,WV,47,10686,9435
Weld,CO,5,132161,243750
Wells,IN,13,25964,27927
Wells,ND,33,5813,4269
West Baton Rouge,LA,17,19421,22625
West Carroll,LA,17,12095,11553
West Feliciana,LA,17,12927,15113
Westchester,NY,31,875578,951325
Westmoreland,PA,37,370467,362326
Westmoreland,VA,45,15577,17252
Weston,WY,49,6506,6854
Wetzel,WV,47,19185,16432
Wexford,MI,21,26433,31792
Wharton,TX,42,39858,40897
Whatcom,WA,46,129111,192999
Wheatland,MT,25,2246,1983
Wheeler,GA,9,4952,6830
Wheeler,NE,26,947,809
Wheeler,OR,36,1400,1361
Wheeler,TX,42,5801,4793
White Pine,NV,27,9374,9146
White,AR,3,54931,73441
White,GA,9,13114,25020
White,IL,12,16481,14657
White,IN,13,23285,23819
White,TN,41,20146,24895
Whiteside,IL,12,60156,59198
Whitfield,GA,9,72613,93379
Whitley,IN,13,27735,32655
Whitley,KY,16,33323,38342
Whitman,WA,46,38857,41229
Wibaux,MT,25,1189,898
Wichita,KS,15,2739,2200
Wichita,TX,42,122323,128025
Wicomico,MD,19,74743,93600
Wilbarger,TX,42,15094,14037
Wilcox,AL,0,13506,12779
Wilcox,GA,9,7020,8613
Wilkes,GA,9,10584,10262
Wilkes,NC,32,59502,66844
Wilkin,MN,22,7516,6418
Wilkinson,GA,9,10240,10064
Wilkinson,MS,23,9709,10266
Will,IL,12,359459,673586
Willacy,TX,42,17699,20513
Williams,ND,33,20992,19540
Williams,OH,34,37058,38378
Williamsburg,SC,39,36769,35447
Williamsburg,VA,45,11701,12434
Williamson,IL,12,57715,64541
Williamson,TN,41,81789,166128
Williamson,TX,42,140570,373363
Wilson,KS,15,10247,9807
Wilson,NC,32,66238,76754
Wilson,TN,41,68019,106356
Wilson,TX,42,22803,39264
Winchester,VA,45,22147,25733
Windham,CT,6,102758,117038
Windham,VT,44,41721,43480
Windsor,VT,44,54171,56875
Winkler,TX,42,8566,6543
Winn,LA,17,16463,15521
Winnebago,IA,14,12131,10961
Winnebago,IL,12,253721,298759
Winnebago,WI,48,140871,162154
Winneshiek,IA,14,20840,20909
Winona,MN,22,47868,49802
Winston,AL,0,22113,24240
Winston,MS,23,19447,19705
Wirt,WV,47,5171,5809
Wise,TX,42,34763,57589
Wise,VA,45,39544,41666
Wolfe,KY,16,6451,7043
Wood,OH,34,113402,125399
Wood,TX,42,29451,42004
Wood,WI,48,73712,73944
Wood,WV,47,86985,86088
Woodbury,IA,14,98506,102287
Woodford,IL,12,32817,38017
Woodford,KY,16,20039,24314
Woodruff,AR,3,9480,7649
Woods,OK,35,9107,8319
Woodson,KS,15,4122,3318
Woodward,OK,35,18951,19505
Worcester,MA,20,710633,781352
Worcester,MD,19,35288,49374
Worth,GA,9,19741,21285
Worth,IA,14,7980,7685
Worth,MO,24,2436,2098
Wrangell-Petersburg,AK,1,7036,6009
Wright,IA,14,14272,13064
Wright,MN,22,69098,117372
Wright,MO,24,16772,18276
Wyandot,OH,34,22253,22471
Wyandotte,KS,15,161973,153956
Wyoming,NY,31,42563,41932
Wyoming,PA,37,28105,27835
Wyoming,WV,47,28927,23674
Wythe,VA,45,25520,28538
Yadkin,NC,32,30576,37797
Yakima,WA,46,189454,233062
Yakutat,AK,1,0,689
Yalobusha,MS,23,12075,13672
Yamhill,OR,36,65999,96573
Yancey,NC,32,15459,18456
Yankton,SD,40,19324,21645
Yates,NY,31,22891,24557
Yavapai,AZ,2,108818,212635
Yazoo,MS,23,25513,27187
Yell,AR,3,17822,21786
Yellow Medicine,MN,22,11672,10128
Yellowstone,MT,25,113557,139936
Yoakum,TX,42,8747,7447
Yolo,CA,4,142214,195844
York,ME,18,165225,201341
York,NE,26,14421,14370
York,PA,37,340810,421049
York,SC,39,132348,208827
York,VA,45,42661,61271
Young,TX,42,18000,17683
Yuba,CA,4,58645,72098
Yukon-Koyukuk,AK,1,8448,5838
Yuma,AZ,2,108063,190557
Yuma,CO,5,8929,9666
Zapata,TX,42,9339,13605
Zavala,TX,42,12161,11665
Ziebach,SD,40,2254,2643
